reconcile	UNKNOWN STEP	﻿2026-08-27T14:24:30.2142386Z Current runner version: '2.336.0'
reconcile	UNKNOWN STEP	2026-08-27T14:24:30.2178508Z ##[group]Runner Image Provisioner
reconcile	UNKNOWN STEP	2026-08-27T14:24:30.2179786Z Hosted Compute Agent
reconcile	UNKNOWN STEP	2026-08-27T14:24:30.2180903Z Version: 20260819.586
reconcile	UNKNOWN STEP	2026-08-27T14:24:30.2181918Z Commit: 3cc4a88dfa507ef76119ad1bb3eccc6378bb2b76
reconcile	UNKNOWN STEP	2026-08-27T14:24:30.2183058Z Build Date: 2026-08-18T23:20:18Z
reconcile	UNKNOWN STEP	2026-08-27T14:24:30.2184419Z Worker ID: {f3f9fe5c-ffa9-499c-a209-78c5ea9bcd50}
reconcile	UNKNOWN STEP	2026-08-27T14:24:30.2185561Z Azure Region: eastus2
reconcile	UNKNOWN STEP	2026-08-27T14:24:30.2186563Z ##[endgroup]
reconcile	UNKNOWN STEP	2026-08-27T14:24:30.2189121Z ##[group]Operating System
reconcile	UNKNOWN STEP	2026-08-27T14:24:30.2190330Z Ubuntu
reconcile	UNKNOWN STEP	2026-08-27T14:24:30.2191183Z 24.04.4
reconcile	UNKNOWN STEP	2026-08-27T14:24:30.2192039Z LTS
reconcile	UNKNOWN STEP	2026-08-27T14:24:30.2193036Z ##[endgroup]
reconcile	UNKNOWN STEP	2026-08-27T14:24:30.2193934Z ##[group]Runner Image
reconcile	UNKNOWN STEP	2026-08-27T14:24:30.2195018Z Image: ubuntu-24.04
reconcile	UNKNOWN STEP	2026-08-27T14:24:30.2195953Z Version: 20260823.283.1
reconcile	UNKNOWN STEP	2026-08-27T14:24:30.2198492Z Included Software: https://github.com/actions/runner-images/blob/ubuntu24/20260823.283/images/ubuntu/Ubuntu2404-Readme.md
reconcile	UNKNOWN STEP	2026-08-27T14:24:30.2201079Z Image Release: https://github.com/actions/runner-images/releases/tag/ubuntu24%2F20260823.283
reconcile	UNKNOWN STEP	2026-08-27T14:24:30.2202923Z ##[endgroup]
reconcile	UNKNOWN STEP	2026-08-27T14:24:30.2204836Z ##[group]GITHUB_TOKEN Permissions
reconcile	UNKNOWN STEP	2026-08-27T14:24:30.2208838Z Contents: write
reconcile	UNKNOWN STEP	2026-08-27T14:24:30.2209783Z Issues: write
reconcile	UNKNOWN STEP	2026-08-27T14:24:30.2210806Z Metadata: read
reconcile	UNKNOWN STEP	2026-08-27T14:24:30.2211694Z ##[endgroup]
reconcile	UNKNOWN STEP	2026-08-27T14:24:30.2214728Z Secret source: Actions
reconcile	UNKNOWN STEP	2026-08-27T14:24:30.2216830Z Prepare workflow directory
reconcile	UNKNOWN STEP	2026-08-27T14:24:30.2809948Z Prepare all required actions
reconcile	UNKNOWN STEP	2026-08-27T14:24:30.2910913Z Getting action download info
reconcile	UNKNOWN STEP	2026-08-27T14:24:30.5784386Z Download action repository 'actions/checkout@v4' (SHA:11d5960a326750d5838078e36cf38b85af677262)
reconcile	UNKNOWN STEP	2026-08-27T14:24:30.7445149Z Download action repository 'actions/setup-node@v4' (SHA:49933ea5288caeca8642d1e84afbd3f7d6820020)
reconcile	UNKNOWN STEP	2026-08-27T14:24:30.8974581Z Download action repository 'stefanzweifel/git-auto-commit-action@v5' (SHA:b863ae1933cb653a53c021fe36dbb774e1fb9403)
reconcile	UNKNOWN STEP	2026-08-27T14:24:31.0193268Z Download action repository 'actions/upload-artifact@v4' (SHA:ea165f8d65b6e75b540449e92b4886f43607fa02)
reconcile	UNKNOWN STEP	2026-08-27T14:24:31.1513342Z Download action repository 'actions/github-script@v7' (SHA:f28e40c7f34bde8b3046d885e986cb6290c5673b)
reconcile	UNKNOWN STEP	2026-08-27T14:24:31.4614340Z Complete job name: reconcile
reconcile	UNKNOWN STEP	2026-08-27T14:24:31.5460265Z Node 20 is being deprecated. This workflow is running with Node 24 by default. If you need to temporarily use Node 20, you can set the ACTIONS_ALLOW_USE_UNSECURE_NODE_VERSION=true environment variable. For more information see: https://github.blog/changelog/2025-09-19-deprecation-of-node-20-on-github-actions-runners/
reconcile	UNKNOWN STEP	2026-08-27T14:24:31.5470276Z ##[group]Run actions/checkout@v4
reconcile	UNKNOWN STEP	2026-08-27T14:24:31.5471394Z with:
reconcile	UNKNOWN STEP	2026-08-27T14:24:31.5476715Z   token: ***
reconcile	UNKNOWN STEP	2026-08-27T14:24:31.5477820Z   repository: hlancaric-ship-it/okfish-pricing-engine
reconcile	UNKNOWN STEP	2026-08-27T14:24:31.5478929Z   ssh-strict: true
reconcile	UNKNOWN STEP	2026-08-27T14:24:31.5479736Z   ssh-user: git
reconcile	UNKNOWN STEP	2026-08-27T14:24:31.5480542Z   persist-credentials: true
reconcile	UNKNOWN STEP	2026-08-27T14:24:31.5481440Z   clean: true
reconcile	UNKNOWN STEP	2026-08-27T14:24:31.5482275Z   sparse-checkout-cone-mode: true
reconcile	UNKNOWN STEP	2026-08-27T14:24:31.5483200Z   fetch-depth: 1
reconcile	UNKNOWN STEP	2026-08-27T14:24:31.5484001Z   fetch-tags: false
reconcile	UNKNOWN STEP	2026-08-27T14:24:31.5484835Z   show-progress: true
reconcile	UNKNOWN STEP	2026-08-27T14:24:31.5485660Z   lfs: false
reconcile	UNKNOWN STEP	2026-08-27T14:24:31.5486493Z   submodules: false
reconcile	UNKNOWN STEP	2026-08-27T14:24:31.5487312Z   set-safe-directory: true
reconcile	UNKNOWN STEP	2026-08-27T14:24:31.5488548Z   allow-unsafe-pr-checkout: false
reconcile	UNKNOWN STEP	2026-08-27T14:24:31.5489798Z ##[endgroup]
reconcile	UNKNOWN STEP	2026-08-27T14:24:31.6663721Z Syncing repository: hlancaric-ship-it/okfish-pricing-engine
reconcile	UNKNOWN STEP	2026-08-27T14:24:31.6671349Z ##[group]Getting Git version info
reconcile	UNKNOWN STEP	2026-08-27T14:24:31.6673403Z Working directory is '/home/runner/work/okfish-pricing-engine/okfish-pricing-engine'
reconcile	UNKNOWN STEP	2026-08-27T14:24:31.6713747Z [command]/usr/bin/git version
reconcile	UNKNOWN STEP	2026-08-27T14:24:31.6849468Z git version 2.55.0
reconcile	UNKNOWN STEP	2026-08-27T14:24:31.6907493Z ##[endgroup]
reconcile	UNKNOWN STEP	2026-08-27T14:24:31.6918250Z Temporarily overriding HOME='/home/runner/work/_temp/4357860c-b60d-492f-b63e-ee4aee534656' before making global git config changes
reconcile	UNKNOWN STEP	2026-08-27T14:24:31.6924365Z Adding repository directory to the temporary git global config as a safe directory
reconcile	UNKNOWN STEP	2026-08-27T14:24:31.6928756Z [command]/usr/bin/git config --global --add safe.directory /home/runner/work/okfish-pricing-engine/okfish-pricing-engine
reconcile	UNKNOWN STEP	2026-08-27T14:24:31.6973033Z Deleting the contents of '/home/runner/work/okfish-pricing-engine/okfish-pricing-engine'
reconcile	UNKNOWN STEP	2026-08-27T14:24:31.6976625Z ##[group]Initializing the repository
reconcile	UNKNOWN STEP	2026-08-27T14:24:31.6979801Z [command]/usr/bin/git init /home/runner/work/okfish-pricing-engine/okfish-pricing-engine
reconcile	UNKNOWN STEP	2026-08-27T14:24:31.7094928Z hint: Using 'master' as the name for the initial branch. This default branch name
reconcile	UNKNOWN STEP	2026-08-27T14:24:31.7098127Z hint: will change to "main" in Git 3.0. To configure the initial branch name
reconcile	UNKNOWN STEP	2026-08-27T14:24:31.7101171Z hint: to use in all of your new repositories, which will suppress this warning,
reconcile	UNKNOWN STEP	2026-08-27T14:24:31.7103328Z hint: call:
reconcile	UNKNOWN STEP	2026-08-27T14:24:31.7105128Z hint:
reconcile	UNKNOWN STEP	2026-08-27T14:24:31.7106859Z hint: 	git config --global init.defaultBranch <name>
reconcile	UNKNOWN STEP	2026-08-27T14:24:31.7109552Z hint:
reconcile	UNKNOWN STEP	2026-08-27T14:24:31.7115071Z hint: Names commonly chosen instead of 'master' are 'main', 'trunk' and
reconcile	UNKNOWN STEP	2026-08-27T14:24:31.7118659Z hint: 'development'. The just-created branch can be renamed via this command:
reconcile	UNKNOWN STEP	2026-08-27T14:24:31.7121364Z hint:
reconcile	UNKNOWN STEP	2026-08-27T14:24:31.7122812Z hint: 	git branch -m <name>
reconcile	UNKNOWN STEP	2026-08-27T14:24:31.7124793Z hint:
reconcile	UNKNOWN STEP	2026-08-27T14:24:31.7132666Z hint: Disable this message with "git config set advice.defaultBranchName false"
reconcile	UNKNOWN STEP	2026-08-27T14:24:31.7138980Z Initialized empty Git repository in /home/runner/work/okfish-pricing-engine/okfish-pricing-engine/.git/
reconcile	UNKNOWN STEP	2026-08-27T14:24:31.7150111Z [command]/usr/bin/git remote add origin https://github.com/hlancaric-ship-it/okfish-pricing-engine
reconcile	UNKNOWN STEP	2026-08-27T14:24:31.7224087Z ##[endgroup]
reconcile	UNKNOWN STEP	2026-08-27T14:24:31.7243895Z ##[group]Disabling automatic garbage collection
reconcile	UNKNOWN STEP	2026-08-27T14:24:31.7368953Z [command]/usr/bin/git config --local gc.auto 0
reconcile	UNKNOWN STEP	2026-08-27T14:24:31.7413683Z ##[endgroup]
reconcile	UNKNOWN STEP	2026-08-27T14:24:31.7415754Z ##[group]Setting up auth
reconcile	UNKNOWN STEP	2026-08-27T14:24:31.7419087Z [command]/usr/bin/git config --local --name-only --get-regexp core\.sshCommand
reconcile	UNKNOWN STEP	2026-08-27T14:24:31.7441113Z [command]/usr/bin/git submodule foreach --recursive sh -c "git config --local --name-only --get-regexp 'core\.sshCommand' && git config --local --unset-all 'core.sshCommand' || :"
reconcile	UNKNOWN STEP	2026-08-27T14:24:31.8160227Z [command]/usr/bin/git config --local --name-only --get-regexp http\.https\:\/\/github\.com\/\.extraheader
reconcile	UNKNOWN STEP	2026-08-27T14:24:31.8197502Z [command]/usr/bin/git submodule foreach --recursive sh -c "git config --local --name-only --get-regexp 'http\.https\:\/\/github\.com\/\.extraheader' && git config --local --unset-all 'http.https://github.com/.extraheader' || :"
reconcile	UNKNOWN STEP	2026-08-27T14:24:31.8261595Z [command]/usr/bin/git config --local --name-only --get-regexp ^includeIf\.gitdir:
reconcile	UNKNOWN STEP	2026-08-27T14:24:31.8304879Z [command]/usr/bin/git submodule foreach --recursive git config --local --show-origin --name-only --get-regexp remote.origin.url
reconcile	UNKNOWN STEP	2026-08-27T14:24:31.8568512Z [command]/usr/bin/git config --local http.https://github.com/.extraheader AUTHORIZATION: basic ***
reconcile	UNKNOWN STEP	2026-08-27T14:24:31.8615310Z ##[endgroup]
reconcile	UNKNOWN STEP	2026-08-27T14:24:31.8618390Z ##[group]Fetching the repository
reconcile	UNKNOWN STEP	2026-08-27T14:24:31.8629455Z [command]/usr/bin/git -c protocol.version=2 fetch --no-tags --prune --no-recurse-submodules --depth=1 origin +6a7ae5dca2fc1138d9d522e40e9e57560e28c111:refs/remotes/origin/main
reconcile	UNKNOWN STEP	2026-08-27T14:24:33.3629904Z From https://github.com/hlancaric-ship-it/okfish-pricing-engine
reconcile	UNKNOWN STEP	2026-08-27T14:24:33.3632202Z  * [new ref]         6a7ae5dca2fc1138d9d522e40e9e57560e28c111 -> origin/main
reconcile	UNKNOWN STEP	2026-08-27T14:24:33.3651185Z ##[endgroup]
reconcile	UNKNOWN STEP	2026-08-27T14:24:33.3652254Z ##[group]Determining the checkout info
reconcile	UNKNOWN STEP	2026-08-27T14:24:33.3653307Z ##[endgroup]
reconcile	UNKNOWN STEP	2026-08-27T14:24:33.3654157Z [command]/usr/bin/git sparse-checkout disable
reconcile	UNKNOWN STEP	2026-08-27T14:24:33.3696335Z [command]/usr/bin/git config --local --unset-all extensions.worktreeConfig
reconcile	UNKNOWN STEP	2026-08-27T14:24:33.3733218Z ##[group]Checking out the ref
reconcile	UNKNOWN STEP	2026-08-27T14:24:33.3738227Z [command]/usr/bin/git checkout --progress --force -B main refs/remotes/origin/main
reconcile	UNKNOWN STEP	2026-08-27T14:24:33.6180311Z Switched to a new branch 'main'
reconcile	UNKNOWN STEP	2026-08-27T14:24:33.6199146Z branch 'main' set up to track 'origin/main'.
reconcile	UNKNOWN STEP	2026-08-27T14:24:33.6249328Z ##[endgroup]
reconcile	UNKNOWN STEP	2026-08-27T14:24:33.6296620Z [command]/usr/bin/git log -1 --format=%H
reconcile	UNKNOWN STEP	2026-08-27T14:24:33.6328894Z 6a7ae5dca2fc1138d9d522e40e9e57560e28c111
reconcile	UNKNOWN STEP	2026-08-27T14:24:33.6616612Z Node 20 is being deprecated. This workflow is running with Node 24 by default. If you need to temporarily use Node 20, you can set the ACTIONS_ALLOW_USE_UNSECURE_NODE_VERSION=true environment variable. For more information see: https://github.blog/changelog/2025-09-19-deprecation-of-node-20-on-github-actions-runners/
reconcile	UNKNOWN STEP	2026-08-27T14:24:33.6618668Z ##[group]Run actions/setup-node@v4
reconcile	UNKNOWN STEP	2026-08-27T14:24:33.6618954Z with:
reconcile	UNKNOWN STEP	2026-08-27T14:24:33.6619174Z   node-version: 20
reconcile	UNKNOWN STEP	2026-08-27T14:24:33.6619412Z   cache: npm
reconcile	UNKNOWN STEP	2026-08-27T14:24:33.6619663Z   always-auth: false
reconcile	UNKNOWN STEP	2026-08-27T14:24:33.6619902Z   check-latest: false
reconcile	UNKNOWN STEP	2026-08-27T14:24:33.6622449Z   token: ***
reconcile	UNKNOWN STEP	2026-08-27T14:24:33.6622675Z ##[endgroup]
reconcile	UNKNOWN STEP	2026-08-27T14:24:33.8098334Z Attempting to download 20...
reconcile	UNKNOWN STEP	2026-08-27T14:24:33.8210352Z (node:2003) [DEP0040] DeprecationWarning: The `punycode` module is deprecated. Please use a userland alternative instead.
reconcile	UNKNOWN STEP	2026-08-27T14:24:33.8212305Z (Use `node --trace-deprecation ...` to show where the warning was created)
reconcile	UNKNOWN STEP	2026-08-27T14:24:34.4079929Z Acquiring 20.20.2 - x64 from https://github.com/actions/node-versions/releases/download/20.20.2-23521894959/node-20.20.2-linux-x64.tar.gz
reconcile	UNKNOWN STEP	2026-08-27T14:24:34.8418694Z Extracting ...
reconcile	UNKNOWN STEP	2026-08-27T14:24:34.8538594Z [command]/usr/bin/tar xz --strip 1 --warning=no-unknown-keyword --overwrite -C /home/runner/work/_temp/bfc7c879-7c52-49fb-9e64-84610a232b9e -f /home/runner/work/_temp/a19a82f0-0b70-4654-a36e-e3e1906fecca
reconcile	UNKNOWN STEP	2026-08-27T14:24:36.1012133Z Adding to the cache ...
reconcile	UNKNOWN STEP	2026-08-27T14:24:38.3860752Z ##[group]Environment details
reconcile	UNKNOWN STEP	2026-08-27T14:24:38.6503324Z node: v20.20.2
reconcile	UNKNOWN STEP	2026-08-27T14:24:38.6516642Z npm: 10.8.2
reconcile	UNKNOWN STEP	2026-08-27T14:24:38.6518928Z yarn: 1.22.22
reconcile	UNKNOWN STEP	2026-08-27T14:24:38.6520038Z ##[endgroup]
reconcile	UNKNOWN STEP	2026-08-27T14:24:38.6538619Z [command]/opt/hostedtoolcache/node/20.20.2/x64/bin/npm config get cache
reconcile	UNKNOWN STEP	2026-08-27T14:24:38.7638708Z /home/runner/.npm
reconcile	UNKNOWN STEP	2026-08-27T14:24:38.8457974Z Cache hit for: node-cache-Linux-x64-npm-ecdb9c00b51aec1a6f852fbadfa8d11475cc3945bd05a6737731cdb68422385b
reconcile	UNKNOWN STEP	2026-08-27T14:24:38.8567437Z (node:2003) [DEP0169] DeprecationWarning: `url.parse()` behavior is not standardized and prone to errors that have security implications. Use the WHATWG URL API instead. CVEs are not issued for `url.parse()` vulnerabilities.
reconcile	UNKNOWN STEP	2026-08-27T14:24:39.2909116Z Received 56447591 of 56447591 (100.0%), 136.6 MBs/sec
reconcile	UNKNOWN STEP	2026-08-27T14:24:39.2910074Z Cache Size: ~54 MB (56447591 B)
reconcile	UNKNOWN STEP	2026-08-27T14:24:39.2938077Z [command]/usr/bin/tar -xf /home/runner/work/_temp/aa04a955-1fd0-4730-972a-0ea4b8a4f5fa/cache.tzst -P -C /home/runner/work/okfish-pricing-engine/okfish-pricing-engine --use-compress-program unzstd
reconcile	UNKNOWN STEP	2026-08-27T14:24:39.4968917Z Cache restored successfully
reconcile	UNKNOWN STEP	2026-08-27T14:24:39.5002857Z Cache restored from key: node-cache-Linux-x64-npm-ecdb9c00b51aec1a6f852fbadfa8d11475cc3945bd05a6737731cdb68422385b
reconcile	UNKNOWN STEP	2026-08-27T14:24:39.5254618Z ##[group]Run npm ci
reconcile	UNKNOWN STEP	2026-08-27T14:24:39.5254930Z [36;1mnpm ci[0m
reconcile	UNKNOWN STEP	2026-08-27T14:24:39.5303947Z shell: /usr/bin/bash -e {0}
reconcile	UNKNOWN STEP	2026-08-27T14:24:39.5304252Z ##[endgroup]
reconcile	UNKNOWN STEP	2026-08-27T14:24:40.1173591Z npm warn EBADENGINE Unsupported engine {
reconcile	UNKNOWN STEP	2026-08-27T14:24:40.1174610Z npm warn EBADENGINE   package: '@commitlint/cli@21.2.1',
reconcile	UNKNOWN STEP	2026-08-27T14:24:40.1175353Z npm warn EBADENGINE   required: { node: '>=22.12.0' },
reconcile	UNKNOWN STEP	2026-08-27T14:24:40.1176106Z npm warn EBADENGINE   current: { node: 'v20.20.2', npm: '10.8.2' }
reconcile	UNKNOWN STEP	2026-08-27T14:24:40.1176641Z npm warn EBADENGINE }
reconcile	UNKNOWN STEP	2026-08-27T14:24:40.1177235Z npm warn EBADENGINE Unsupported engine {
reconcile	UNKNOWN STEP	2026-08-27T14:24:40.1178184Z npm warn EBADENGINE   package: '@commitlint/config-conventional@21.2.0',
reconcile	UNKNOWN STEP	2026-08-27T14:24:40.1179255Z npm warn EBADENGINE   required: { node: '>=22.12.0' },
reconcile	UNKNOWN STEP	2026-08-27T14:24:40.1180073Z npm warn EBADENGINE   current: { node: 'v20.20.2', npm: '10.8.2' }
reconcile	UNKNOWN STEP	2026-08-27T14:24:40.1180624Z npm warn EBADENGINE }
reconcile	UNKNOWN STEP	2026-08-27T14:24:40.1188890Z npm warn EBADENGINE Unsupported engine {
reconcile	UNKNOWN STEP	2026-08-27T14:24:40.1208616Z npm warn EBADENGINE   package: '@commitlint/config-validator@21.2.0',
reconcile	UNKNOWN STEP	2026-08-27T14:24:40.1228558Z npm warn EBADENGINE   required: { node: '>=22.12.0' },
reconcile	UNKNOWN STEP	2026-08-27T14:24:40.1229526Z npm warn EBADENGINE   current: { node: 'v20.20.2', npm: '10.8.2' }
reconcile	UNKNOWN STEP	2026-08-27T14:24:40.1230155Z npm warn EBADENGINE }
reconcile	UNKNOWN STEP	2026-08-27T14:24:40.1230724Z npm warn EBADENGINE Unsupported engine {
reconcile	UNKNOWN STEP	2026-08-27T14:24:40.1267810Z npm warn EBADENGINE   package: '@commitlint/ensure@21.2.0',
reconcile	UNKNOWN STEP	2026-08-27T14:24:40.1270665Z npm warn EBADENGINE   required: { node: '>=22.12.0' },
reconcile	UNKNOWN STEP	2026-08-27T14:24:40.1273125Z npm warn EBADENGINE   current: { node: 'v20.20.2', npm: '10.8.2' }
reconcile	UNKNOWN STEP	2026-08-27T14:24:40.1274259Z npm warn EBADENGINE }
reconcile	UNKNOWN STEP	2026-08-27T14:24:40.1275038Z npm warn EBADENGINE Unsupported engine {
reconcile	UNKNOWN STEP	2026-08-27T14:24:40.1275993Z npm warn EBADENGINE   package: '@commitlint/execute-rule@21.0.1',
reconcile	UNKNOWN STEP	2026-08-27T14:24:40.1277009Z npm warn EBADENGINE   required: { node: '>=22.12.0' },
reconcile	UNKNOWN STEP	2026-08-27T14:24:40.1278256Z npm warn EBADENGINE   current: { node: 'v20.20.2', npm: '10.8.2' }
reconcile	UNKNOWN STEP	2026-08-27T14:24:40.1279079Z npm warn EBADENGINE }
reconcile	UNKNOWN STEP	2026-08-27T14:24:40.1279743Z npm warn EBADENGINE Unsupported engine {
reconcile	UNKNOWN STEP	2026-08-27T14:24:40.1280658Z npm warn EBADENGINE   package: '@commitlint/format@21.2.0',
reconcile	UNKNOWN STEP	2026-08-27T14:24:40.1281602Z npm warn EBADENGINE   required: { node: '>=22.12.0' },
reconcile	UNKNOWN STEP	2026-08-27T14:24:40.1282563Z npm warn EBADENGINE   current: { node: 'v20.20.2', npm: '10.8.2' }
reconcile	UNKNOWN STEP	2026-08-27T14:24:40.1283384Z npm warn EBADENGINE }
reconcile	UNKNOWN STEP	2026-08-27T14:24:40.1284064Z npm warn EBADENGINE Unsupported engine {
reconcile	UNKNOWN STEP	2026-08-27T14:24:40.1284998Z npm warn EBADENGINE   package: '@commitlint/is-ignored@21.2.0',
reconcile	UNKNOWN STEP	2026-08-27T14:24:40.1285990Z npm warn EBADENGINE   required: { node: '>=22.12.0' },
reconcile	UNKNOWN STEP	2026-08-27T14:24:40.1286973Z npm warn EBADENGINE   current: { node: 'v20.20.2', npm: '10.8.2' }
reconcile	UNKNOWN STEP	2026-08-27T14:24:40.1288549Z npm warn EBADENGINE }
reconcile	UNKNOWN STEP	2026-08-27T14:24:40.1289315Z npm warn EBADENGINE Unsupported engine {
reconcile	UNKNOWN STEP	2026-08-27T14:24:40.1290246Z npm warn EBADENGINE   package: '@commitlint/lint@21.2.0',
reconcile	UNKNOWN STEP	2026-08-27T14:24:40.1291157Z npm warn EBADENGINE   required: { node: '>=22.12.0' },
reconcile	UNKNOWN STEP	2026-08-27T14:24:40.1292229Z npm warn EBADENGINE   current: { node: 'v20.20.2', npm: '10.8.2' }
reconcile	UNKNOWN STEP	2026-08-27T14:24:40.1293040Z npm warn EBADENGINE }
reconcile	UNKNOWN STEP	2026-08-27T14:24:40.1294105Z npm warn EBADENGINE Unsupported engine {
reconcile	UNKNOWN STEP	2026-08-27T14:24:40.1295014Z npm warn EBADENGINE   package: '@commitlint/load@21.2.0',
reconcile	UNKNOWN STEP	2026-08-27T14:24:40.1296168Z npm warn EBADENGINE   required: { node: '>=22.12.0' },
reconcile	UNKNOWN STEP	2026-08-27T14:24:40.1297183Z npm warn EBADENGINE   current: { node: 'v20.20.2', npm: '10.8.2' }
reconcile	UNKNOWN STEP	2026-08-27T14:24:40.1298261Z npm warn EBADENGINE }
reconcile	UNKNOWN STEP	2026-08-27T14:24:40.1298983Z npm warn EBADENGINE Unsupported engine {
reconcile	UNKNOWN STEP	2026-08-27T14:24:40.1299905Z npm warn EBADENGINE   package: '@commitlint/message@21.2.0',
reconcile	UNKNOWN STEP	2026-08-27T14:24:40.1300848Z npm warn EBADENGINE   required: { node: '>=22.12.0' },
reconcile	UNKNOWN STEP	2026-08-27T14:24:40.1301833Z npm warn EBADENGINE   current: { node: 'v20.20.2', npm: '10.8.2' }
reconcile	UNKNOWN STEP	2026-08-27T14:24:40.1303070Z npm warn EBADENGINE }
reconcile	UNKNOWN STEP	2026-08-27T14:24:40.1304183Z npm warn EBADENGINE Unsupported engine {
reconcile	UNKNOWN STEP	2026-08-27T14:24:40.1305317Z npm warn EBADENGINE   package: '@commitlint/parse@21.2.0',
reconcile	UNKNOWN STEP	2026-08-27T14:24:40.1306319Z npm warn EBADENGINE   required: { node: '>=22.12.0' },
reconcile	UNKNOWN STEP	2026-08-27T14:24:40.1307410Z npm warn EBADENGINE   current: { node: 'v20.20.2', npm: '10.8.2' }
reconcile	UNKNOWN STEP	2026-08-27T14:24:40.1308458Z npm warn EBADENGINE }
reconcile	UNKNOWN STEP	2026-08-27T14:24:40.1309121Z npm warn EBADENGINE Unsupported engine {
reconcile	UNKNOWN STEP	2026-08-27T14:24:40.1309971Z npm warn EBADENGINE   package: '@commitlint/read@21.2.1',
reconcile	UNKNOWN STEP	2026-08-27T14:24:40.1310890Z npm warn EBADENGINE   required: { node: '>=22.12.0' },
reconcile	UNKNOWN STEP	2026-08-27T14:24:40.1312143Z npm warn EBADENGINE   current: { node: 'v20.20.2', npm: '10.8.2' }
reconcile	UNKNOWN STEP	2026-08-27T14:24:40.1313375Z npm warn EBADENGINE }
reconcile	UNKNOWN STEP	2026-08-27T14:24:40.1314279Z npm warn EBADENGINE Unsupported engine {
reconcile	UNKNOWN STEP	2026-08-27T14:24:40.1315690Z npm warn EBADENGINE   package: '@commitlint/resolve-extends@21.2.0',
reconcile	UNKNOWN STEP	2026-08-27T14:24:40.1316873Z npm warn EBADENGINE   required: { node: '>=22.12.0' },
reconcile	UNKNOWN STEP	2026-08-27T14:24:40.1318272Z npm warn EBADENGINE   current: { node: 'v20.20.2', npm: '10.8.2' }
reconcile	UNKNOWN STEP	2026-08-27T14:24:40.1319060Z npm warn EBADENGINE }
reconcile	UNKNOWN STEP	2026-08-27T14:24:40.1319769Z npm warn EBADENGINE Unsupported engine {
reconcile	UNKNOWN STEP	2026-08-27T14:24:40.1320726Z npm warn EBADENGINE   package: '@commitlint/rules@21.2.0',
reconcile	UNKNOWN STEP	2026-08-27T14:24:40.1321715Z npm warn EBADENGINE   required: { node: '>=22.12.0' },
reconcile	UNKNOWN STEP	2026-08-27T14:24:40.1322684Z npm warn EBADENGINE   current: { node: 'v20.20.2', npm: '10.8.2' }
reconcile	UNKNOWN STEP	2026-08-27T14:24:40.1323473Z npm warn EBADENGINE }
reconcile	UNKNOWN STEP	2026-08-27T14:24:40.1324140Z npm warn EBADENGINE Unsupported engine {
reconcile	UNKNOWN STEP	2026-08-27T14:24:40.1324990Z npm warn EBADENGINE   package: '@commitlint/to-lines@21.0.1',
reconcile	UNKNOWN STEP	2026-08-27T14:24:40.1325911Z npm warn EBADENGINE   required: { node: '>=22.12.0' },
reconcile	UNKNOWN STEP	2026-08-27T14:24:40.1326855Z npm warn EBADENGINE   current: { node: 'v20.20.2', npm: '10.8.2' }
reconcile	UNKNOWN STEP	2026-08-27T14:24:40.1327816Z npm warn EBADENGINE }
reconcile	UNKNOWN STEP	2026-08-27T14:24:40.1328507Z npm warn EBADENGINE Unsupported engine {
reconcile	UNKNOWN STEP	2026-08-27T14:24:40.1329372Z npm warn EBADENGINE   package: '@commitlint/top-level@21.2.0',
reconcile	UNKNOWN STEP	2026-08-27T14:24:40.1330278Z npm warn EBADENGINE   required: { node: '>=22.12.0' },
reconcile	UNKNOWN STEP	2026-08-27T14:24:40.1331215Z npm warn EBADENGINE   current: { node: 'v20.20.2', npm: '10.8.2' }
reconcile	UNKNOWN STEP	2026-08-27T14:24:40.1331984Z npm warn EBADENGINE }
reconcile	UNKNOWN STEP	2026-08-27T14:24:40.1332658Z npm warn EBADENGINE Unsupported engine {
reconcile	UNKNOWN STEP	2026-08-27T14:24:40.1333531Z npm warn EBADENGINE   package: '@commitlint/types@21.2.0',
reconcile	UNKNOWN STEP	2026-08-27T14:24:40.1334600Z npm warn EBADENGINE   required: { node: '>=22.12.0' },
reconcile	UNKNOWN STEP	2026-08-27T14:24:40.1335582Z npm warn EBADENGINE   current: { node: 'v20.20.2', npm: '10.8.2' }
reconcile	UNKNOWN STEP	2026-08-27T14:24:40.1336361Z npm warn EBADENGINE }
reconcile	UNKNOWN STEP	2026-08-27T14:24:40.1337037Z npm warn EBADENGINE Unsupported engine {
reconcile	UNKNOWN STEP	2026-08-27T14:24:40.1338186Z npm warn EBADENGINE   package: '@conventional-changelog/git-client@3.1.0',
reconcile	UNKNOWN STEP	2026-08-27T14:24:40.1339123Z npm warn EBADENGINE   required: { node: '>=22' },
reconcile	UNKNOWN STEP	2026-08-27T14:24:40.1340026Z npm warn EBADENGINE   current: { node: 'v20.20.2', npm: '10.8.2' }
reconcile	UNKNOWN STEP	2026-08-27T14:24:40.1340788Z npm warn EBADENGINE }
reconcile	UNKNOWN STEP	2026-08-27T14:24:40.1341492Z npm warn EBADENGINE Unsupported engine {
reconcile	UNKNOWN STEP	2026-08-27T14:24:40.1342478Z npm warn EBADENGINE   package: '@conventional-changelog/template@1.2.1',
reconcile	UNKNOWN STEP	2026-08-27T14:24:40.1343853Z npm warn EBADENGINE   required: { node: '>=22' },
reconcile	UNKNOWN STEP	2026-08-27T14:24:40.1344872Z npm warn EBADENGINE   current: { node: 'v20.20.2', npm: '10.8.2' }
reconcile	UNKNOWN STEP	2026-08-27T14:24:40.1345724Z npm warn EBADENGINE }
reconcile	UNKNOWN STEP	2026-08-27T14:24:40.1346440Z npm warn EBADENGINE Unsupported engine {
reconcile	UNKNOWN STEP	2026-08-27T14:24:40.1347445Z npm warn EBADENGINE   package: '@simple-libs/child-process-utils@2.0.0',
reconcile	UNKNOWN STEP	2026-08-27T14:24:40.1348895Z npm warn EBADENGINE   required: { node: '>=22' },
reconcile	UNKNOWN STEP	2026-08-27T14:24:40.1349919Z npm warn EBADENGINE   current: { node: 'v20.20.2', npm: '10.8.2' }
reconcile	UNKNOWN STEP	2026-08-27T14:24:40.1350755Z npm warn EBADENGINE }
reconcile	UNKNOWN STEP	2026-08-27T14:24:40.1351432Z npm warn EBADENGINE Unsupported engine {
reconcile	UNKNOWN STEP	2026-08-27T14:24:40.1352730Z npm warn EBADENGINE   package: '@simple-libs/stream-utils@2.0.0',
reconcile	UNKNOWN STEP	2026-08-27T14:24:40.1353794Z npm warn EBADENGINE   required: { node: '>=22' },
reconcile	UNKNOWN STEP	2026-08-27T14:24:40.1354782Z npm warn EBADENGINE   current: { node: 'v20.20.2', npm: '10.8.2' }
reconcile	UNKNOWN STEP	2026-08-27T14:24:40.1355535Z npm warn EBADENGINE }
reconcile	UNKNOWN STEP	2026-08-27T14:24:40.1356181Z npm warn EBADENGINE Unsupported engine {
reconcile	UNKNOWN STEP	2026-08-27T14:24:40.1356963Z npm warn EBADENGINE   package: 'argue-cli@3.1.0',
reconcile	UNKNOWN STEP	2026-08-27T14:24:40.1358024Z npm warn EBADENGINE   required: { node: '>=22' },
reconcile	UNKNOWN STEP	2026-08-27T14:24:40.1358974Z npm warn EBADENGINE   current: { node: 'v20.20.2', npm: '10.8.2' }
reconcile	UNKNOWN STEP	2026-08-27T14:24:40.1359804Z npm warn EBADENGINE }
reconcile	UNKNOWN STEP	2026-08-27T14:24:40.1360497Z npm warn EBADENGINE Unsupported engine {
reconcile	UNKNOWN STEP	2026-08-27T14:24:40.1361485Z npm warn EBADENGINE   package: 'conventional-changelog-angular@9.2.1',
reconcile	UNKNOWN STEP	2026-08-27T14:24:40.1362735Z npm warn EBADENGINE   required: { node: '>=22' },
reconcile	UNKNOWN STEP	2026-08-27T14:24:40.1363671Z npm warn EBADENGINE   current: { node: 'v20.20.2', npm: '10.8.2' }
reconcile	UNKNOWN STEP	2026-08-27T14:24:40.1364466Z npm warn EBADENGINE }
reconcile	UNKNOWN STEP	2026-08-27T14:24:40.1365108Z npm warn EBADENGINE Unsupported engine {
reconcile	UNKNOWN STEP	2026-08-27T14:24:40.1366159Z npm warn EBADENGINE   package: 'conventional-changelog-conventionalcommits@10.2.1',
reconcile	UNKNOWN STEP	2026-08-27T14:24:40.1367180Z npm warn EBADENGINE   required: { node: '>=22' },
reconcile	UNKNOWN STEP	2026-08-27T14:24:40.1368309Z npm warn EBADENGINE   current: { node: 'v20.20.2', npm: '10.8.2' }
reconcile	UNKNOWN STEP	2026-08-27T14:24:40.1369175Z npm warn EBADENGINE }
reconcile	UNKNOWN STEP	2026-08-27T14:24:40.1369816Z npm warn EBADENGINE Unsupported engine {
reconcile	UNKNOWN STEP	2026-08-27T14:24:40.1370721Z npm warn EBADENGINE   package: 'conventional-commits-parser@7.1.0',
reconcile	UNKNOWN STEP	2026-08-27T14:24:40.1371638Z npm warn EBADENGINE   required: { node: '>=22' },
reconcile	UNKNOWN STEP	2026-08-27T14:24:40.1372522Z npm warn EBADENGINE   current: { node: 'v20.20.2', npm: '10.8.2' }
reconcile	UNKNOWN STEP	2026-08-27T14:24:40.1373305Z npm warn EBADENGINE }
reconcile	UNKNOWN STEP	2026-08-27T14:24:40.1373931Z npm warn EBADENGINE Unsupported engine {
reconcile	UNKNOWN STEP	2026-08-27T14:24:40.1374720Z npm warn EBADENGINE   package: 'lint-staged@17.1.0',
reconcile	UNKNOWN STEP	2026-08-27T14:24:40.1375574Z npm warn EBADENGINE   required: { node: '>=22.22.1' },
reconcile	UNKNOWN STEP	2026-08-27T14:24:40.1376503Z npm warn EBADENGINE   current: { node: 'v20.20.2', npm: '10.8.2' }
reconcile	UNKNOWN STEP	2026-08-27T14:24:40.1377325Z npm warn EBADENGINE }
reconcile	UNKNOWN STEP	2026-08-27T14:24:42.0742676Z npm warn deprecated inflight@1.0.6: This module is not supported, and leaks memory. Do not use it. Check out lru-cache if you want a good and tested way to coalesce async requests by a key value, which is much more comprehensive and powerful.
reconcile	UNKNOWN STEP	2026-08-27T14:24:42.1433351Z npm warn deprecated rimraf@2.7.1: Rimraf versions prior to v4 are no longer supported
reconcile	UNKNOWN STEP	2026-08-27T14:24:42.1649721Z npm warn deprecated lodash.isequal@4.5.0: This package is deprecated. Use require('node:util').isDeepStrictEqual instead.
reconcile	UNKNOWN STEP	2026-08-27T14:24:42.6389072Z npm warn deprecated glob@7.2.3: Old versions of glob are not supported, and contain widely publicized security vulnerabilities, which have been fixed in the current version. Please update. Support for old versions may be purchased (at exorbitant rates) by contacting i@izs.me
reconcile	UNKNOWN STEP	2026-08-27T14:24:42.8759835Z npm warn deprecated fstream@1.0.12: This package is no longer supported.
reconcile	UNKNOWN STEP	2026-08-27T14:24:43.0667168Z npm warn deprecated uuid@8.3.2: uuid@10 and below is no longer supported.  For ESM codebases, update to uuid@latest.  For CommonJS codebases, use uuid@11 (but be aware this version will likely be deprecated in 2028).
reconcile	UNKNOWN STEP	2026-08-27T14:24:44.2351234Z 
reconcile	UNKNOWN STEP	2026-08-27T14:24:44.2352476Z > shoptet-pricing-engine@2.0.0 prepare
reconcile	UNKNOWN STEP	2026-08-27T14:24:44.2353440Z > husky
reconcile	UNKNOWN STEP	2026-08-27T14:24:44.2362088Z 
reconcile	UNKNOWN STEP	2026-08-27T14:24:44.2978669Z 
reconcile	UNKNOWN STEP	2026-08-27T14:24:44.2989441Z added 450 packages, and audited 451 packages in 5s
reconcile	UNKNOWN STEP	2026-08-27T14:24:44.2990193Z 
reconcile	UNKNOWN STEP	2026-08-27T14:24:44.2990823Z 114 packages are looking for funding
reconcile	UNKNOWN STEP	2026-08-27T14:24:44.2991669Z   run `npm fund` for details
reconcile	UNKNOWN STEP	2026-08-27T14:24:44.3038075Z 
reconcile	UNKNOWN STEP	2026-08-27T14:24:44.3048728Z 7 vulnerabilities (3 moderate, 4 high)
reconcile	UNKNOWN STEP	2026-08-27T14:24:44.3058909Z 
reconcile	UNKNOWN STEP	2026-08-27T14:24:44.3068755Z To address issues that do not require attention, run:
reconcile	UNKNOWN STEP	2026-08-27T14:24:44.3069592Z   npm audit fix
reconcile	UNKNOWN STEP	2026-08-27T14:24:44.3070571Z 
reconcile	UNKNOWN STEP	2026-08-27T14:24:44.3071184Z To address all issues (including breaking changes), run:
reconcile	UNKNOWN STEP	2026-08-27T14:24:44.3071968Z   npm audit fix --force
reconcile	UNKNOWN STEP	2026-08-27T14:24:44.3072406Z 
reconcile	UNKNOWN STEP	2026-08-27T14:24:44.3072807Z Run `npm audit` for details.
reconcile	UNKNOWN STEP	2026-08-27T14:24:44.3413981Z ##[group]Run set -o pipefail
reconcile	UNKNOWN STEP	2026-08-27T14:24:44.3414320Z [36;1mset -o pipefail[0m
reconcile	UNKNOWN STEP	2026-08-27T14:24:44.3414826Z [36;1mnpx tsx cloudflare-worker/src/cli/reconcile-coupon-drift.ts | tee coupon-reconciliation.log[0m
reconcile	UNKNOWN STEP	2026-08-27T14:24:44.3457836Z shell: /usr/bin/bash -e {0}
reconcile	UNKNOWN STEP	2026-08-27T14:24:44.3458149Z env:
reconcile	UNKNOWN STEP	2026-08-27T14:24:44.3458636Z   SHOPTET_PRIVATE_API_TOKEN: ***
reconcile	UNKNOWN STEP	2026-08-27T14:24:44.3459358Z   MASTER_FEED_URL: ***
reconcile	UNKNOWN STEP	2026-08-27T14:24:44.3459600Z ##[endgroup]
reconcile	UNKNOWN STEP	2026-08-27T14:24:45.3097416Z === COUPON RECONCILIATION / COUPON INTEGRITY LAYER ===
reconcile	UNKNOWN STEP	2026-08-27T14:24:45.3099195Z Datum běhu: 2026-08-27
reconcile	UNKNOWN STEP	2026-08-27T14:24:45.3099787Z 
reconcile	UNKNOWN STEP	2026-08-27T14:24:45.3100334Z 1. Stahuji seznam ceníků...
reconcile	UNKNOWN STEP	2026-08-27T14:24:45.7823042Z    Všech 11 očekávaných ceníků (10 ZR tierů + GUEST) potvrzeno živě.
reconcile	UNKNOWN STEP	2026-08-27T14:24:45.7824587Z 2. Stahuji atributy z master feedu (manufacturer/category/allowLoyaltyDiscount)...
reconcile	UNKNOWN STEP	2026-08-27T14:25:09.0752171Z    16726 kódů s atributy.
reconcile	UNKNOWN STEP	2026-08-27T14:25:09.0759696Z 3. Stahuji základní/GUEST ceník (id 1, zdroj basePrice/actionPrice)...
reconcile	UNKNOWN STEP	2026-08-27T14:25:09.5649769Z [Paginator] Fetching /pricelists/1 - Stránka 1 / 168
reconcile	UNKNOWN STEP	2026-08-27T14:25:18.5053744Z [Paginator] Fetching /pricelists/1 - Stránka 50 / 168
reconcile	UNKNOWN STEP	2026-08-27T14:25:26.8693370Z [Paginator] Fetching /pricelists/1 - Stránka 100 / 168
reconcile	UNKNOWN STEP	2026-08-27T14:25:34.4649789Z [Paginator] Fetching /pricelists/1 - Stránka 150 / 168
reconcile	UNKNOWN STEP	2026-08-27T14:25:37.1186980Z [Paginator] Fetching /pricelists/1 - Stránka 168 / 168
reconcile	UNKNOWN STEP	2026-08-27T14:25:37.1189158Z    16726 položek.
reconcile	UNKNOWN STEP	2026-08-27T14:25:37.1719610Z    16720 produktů s platnou basePrice.
reconcile	UNKNOWN STEP	2026-08-27T14:25:37.1721056Z 4. Počítám očekávané kupónové zápisy pro všechny ceníky (stejná funkce jako produkce: computeCouponWrites())...
reconcile	UNKNOWN STEP	2026-08-27T14:25:37.7399839Z    Spočítáno pro 16720 produktů × 11 ceníků.
reconcile	UNKNOWN STEP	2026-08-27T14:25:37.7422926Z 
reconcile	UNKNOWN STEP	2026-08-27T14:25:37.7424761Z === Stahuji a porovnávám ceník ZR4 (2) ===
reconcile	UNKNOWN STEP	2026-08-27T14:25:37.9453609Z [Paginator] Fetching /pricelists/2 - Stránka 1 / 166
reconcile	UNKNOWN STEP	2026-08-27T14:25:46.8095667Z [Paginator] Fetching /pricelists/2 - Stránka 50 / 166
reconcile	UNKNOWN STEP	2026-08-27T14:25:55.0005285Z [Paginator] Fetching /pricelists/2 - Stránka 100 / 166
reconcile	UNKNOWN STEP	2026-08-27T14:26:02.5022814Z [Paginator] Fetching /pricelists/2 - Stránka 150 / 166
reconcile	UNKNOWN STEP	2026-08-27T14:26:04.7828412Z [Paginator] Fetching /pricelists/2 - Stránka 166 / 166
reconcile	UNKNOWN STEP	2026-08-27T14:26:04.8595892Z 
reconcile	UNKNOWN STEP	2026-08-27T14:26:04.8596984Z === Stahuji a porovnávám ceník ZR6 (5) ===
reconcile	UNKNOWN STEP	2026-08-27T14:26:05.0491284Z [Paginator] Fetching /pricelists/5 - Stránka 1 / 166
reconcile	UNKNOWN STEP	2026-08-27T14:26:14.0233488Z [Paginator] Fetching /pricelists/5 - Stránka 50 / 166
reconcile	UNKNOWN STEP	2026-08-27T14:26:22.4036856Z [Paginator] Fetching /pricelists/5 - Stránka 100 / 166
reconcile	UNKNOWN STEP	2026-08-27T14:26:29.8709005Z [Paginator] Fetching /pricelists/5 - Stránka 150 / 166
reconcile	UNKNOWN STEP	2026-08-27T14:26:32.0517150Z [Paginator] Fetching /pricelists/5 - Stránka 166 / 166
reconcile	UNKNOWN STEP	2026-08-27T14:26:32.0998436Z 
reconcile	UNKNOWN STEP	2026-08-27T14:26:32.0999595Z === Stahuji a porovnávám ceník ZR8 (8) ===
reconcile	UNKNOWN STEP	2026-08-27T14:26:32.2913301Z [Paginator] Fetching /pricelists/8 - Stránka 1 / 166
reconcile	UNKNOWN STEP	2026-08-27T14:26:41.1309372Z [Paginator] Fetching /pricelists/8 - Stránka 50 / 166
reconcile	UNKNOWN STEP	2026-08-27T14:26:49.4751672Z [Paginator] Fetching /pricelists/8 - Stránka 100 / 166
reconcile	UNKNOWN STEP	2026-08-27T14:26:57.1078838Z [Paginator] Fetching /pricelists/8 - Stránka 150 / 166
reconcile	UNKNOWN STEP	2026-08-27T14:26:59.4169679Z [Paginator] Fetching /pricelists/8 - Stránka 166 / 166
reconcile	UNKNOWN STEP	2026-08-27T14:26:59.4788427Z 
reconcile	UNKNOWN STEP	2026-08-27T14:26:59.4789352Z === Stahuji a porovnávám ceník ZR10 (11) ===
reconcile	UNKNOWN STEP	2026-08-27T14:26:59.6780286Z [Paginator] Fetching /pricelists/11 - Stránka 1 / 166
reconcile	UNKNOWN STEP	2026-08-27T14:27:08.6354077Z [Paginator] Fetching /pricelists/11 - Stránka 50 / 166
reconcile	UNKNOWN STEP	2026-08-27T14:27:17.0553788Z [Paginator] Fetching /pricelists/11 - Stránka 100 / 166
reconcile	UNKNOWN STEP	2026-08-27T14:27:24.4587938Z [Paginator] Fetching /pricelists/11 - Stránka 150 / 166
reconcile	UNKNOWN STEP	2026-08-27T14:27:26.6856606Z [Paginator] Fetching /pricelists/11 - Stránka 166 / 166
reconcile	UNKNOWN STEP	2026-08-27T14:27:26.7098835Z 
reconcile	UNKNOWN STEP	2026-08-27T14:27:26.7100684Z === Stahuji a porovnávám ceník ZR12 (14) ===
reconcile	UNKNOWN STEP	2026-08-27T14:27:26.9073444Z [Paginator] Fetching /pricelists/14 - Stránka 1 / 166
reconcile	UNKNOWN STEP	2026-08-27T14:27:35.7059496Z [Paginator] Fetching /pricelists/14 - Stránka 50 / 166
reconcile	UNKNOWN STEP	2026-08-27T14:27:44.0538287Z [Paginator] Fetching /pricelists/14 - Stránka 100 / 166
reconcile	UNKNOWN STEP	2026-08-27T14:27:51.6284413Z [Paginator] Fetching /pricelists/14 - Stránka 150 / 166
reconcile	UNKNOWN STEP	2026-08-27T14:27:53.8062185Z [Paginator] Fetching /pricelists/14 - Stránka 166 / 166
reconcile	UNKNOWN STEP	2026-08-27T14:27:53.8353978Z 
reconcile	UNKNOWN STEP	2026-08-27T14:27:53.8355774Z === Stahuji a porovnávám ceník ZR14 (17) ===
reconcile	UNKNOWN STEP	2026-08-27T14:27:54.0277473Z [Paginator] Fetching /pricelists/17 - Stránka 1 / 166
reconcile	UNKNOWN STEP	2026-08-27T14:28:03.1695026Z [Paginator] Fetching /pricelists/17 - Stránka 50 / 166
reconcile	UNKNOWN STEP	2026-08-27T14:28:11.5272126Z [Paginator] Fetching /pricelists/17 - Stránka 100 / 166
reconcile	UNKNOWN STEP	2026-08-27T14:28:19.2496481Z [Paginator] Fetching /pricelists/17 - Stránka 150 / 166
reconcile	UNKNOWN STEP	2026-08-27T14:28:21.4505838Z [Paginator] Fetching /pricelists/17 - Stránka 166 / 166
reconcile	UNKNOWN STEP	2026-08-27T14:28:21.4809613Z 
reconcile	UNKNOWN STEP	2026-08-27T14:28:21.4811330Z === Stahuji a porovnávám ceník ZR16 (20) ===
reconcile	UNKNOWN STEP	2026-08-27T14:28:21.6736829Z [Paginator] Fetching /pricelists/20 - Stránka 1 / 166
reconcile	UNKNOWN STEP	2026-08-27T14:28:30.6196315Z [Paginator] Fetching /pricelists/20 - Stránka 50 / 166
reconcile	UNKNOWN STEP	2026-08-27T14:28:38.8779037Z [Paginator] Fetching /pricelists/20 - Stránka 100 / 166
reconcile	UNKNOWN STEP	2026-08-27T14:28:46.2244658Z [Paginator] Fetching /pricelists/20 - Stránka 150 / 166
reconcile	UNKNOWN STEP	2026-08-27T14:28:48.4411346Z [Paginator] Fetching /pricelists/20 - Stránka 166 / 166
reconcile	UNKNOWN STEP	2026-08-27T14:28:48.4698675Z 
reconcile	UNKNOWN STEP	2026-08-27T14:28:48.4729157Z === Stahuji a porovnávám ceník ZR18 (23) ===
reconcile	UNKNOWN STEP	2026-08-27T14:28:48.6685159Z [Paginator] Fetching /pricelists/23 - Stránka 1 / 166
reconcile	UNKNOWN STEP	2026-08-27T14:28:57.6682014Z [Paginator] Fetching /pricelists/23 - Stránka 50 / 166
reconcile	UNKNOWN STEP	2026-08-27T14:29:06.0265637Z [Paginator] Fetching /pricelists/23 - Stránka 100 / 166
reconcile	UNKNOWN STEP	2026-08-27T14:29:13.5038247Z [Paginator] Fetching /pricelists/23 - Stránka 150 / 166
reconcile	UNKNOWN STEP	2026-08-27T14:29:15.6998596Z [Paginator] Fetching /pricelists/23 - Stránka 166 / 166
reconcile	UNKNOWN STEP	2026-08-27T14:29:15.7280967Z 
reconcile	UNKNOWN STEP	2026-08-27T14:29:15.7282778Z === Stahuji a porovnávám ceník ZR20 (26) ===
reconcile	UNKNOWN STEP	2026-08-27T14:29:15.9290037Z [Paginator] Fetching /pricelists/26 - Stránka 1 / 166
reconcile	UNKNOWN STEP	2026-08-27T14:29:24.8003644Z [Paginator] Fetching /pricelists/26 - Stránka 50 / 166
reconcile	UNKNOWN STEP	2026-08-27T14:29:33.0858931Z [Paginator] Fetching /pricelists/26 - Stránka 100 / 166
reconcile	UNKNOWN STEP	2026-08-27T14:29:40.5462303Z [Paginator] Fetching /pricelists/26 - Stránka 150 / 166
reconcile	UNKNOWN STEP	2026-08-27T14:29:42.8266307Z [Paginator] Fetching /pricelists/26 - Stránka 166 / 166
reconcile	UNKNOWN STEP	2026-08-27T14:29:42.8524589Z 
reconcile	UNKNOWN STEP	2026-08-27T14:29:42.8532341Z === Stahuji a porovnávám ceník ZR25 (29) ===
reconcile	UNKNOWN STEP	2026-08-27T14:29:43.0956466Z [Paginator] Fetching /pricelists/29 - Stránka 1 / 166
reconcile	UNKNOWN STEP	2026-08-27T14:29:51.9768263Z [Paginator] Fetching /pricelists/29 - Stránka 50 / 166
reconcile	UNKNOWN STEP	2026-08-27T14:30:00.2791984Z [Paginator] Fetching /pricelists/29 - Stránka 100 / 166
reconcile	UNKNOWN STEP	2026-08-27T14:30:07.8195644Z [Paginator] Fetching /pricelists/29 - Stránka 150 / 166
reconcile	UNKNOWN STEP	2026-08-27T14:30:10.0560666Z [Paginator] Fetching /pricelists/29 - Stránka 166 / 166
reconcile	UNKNOWN STEP	2026-08-27T14:30:10.1074268Z 
reconcile	UNKNOWN STEP	2026-08-27T14:30:10.1099380Z === Stahuji a porovnávám ceník GUEST (1) ===
reconcile	UNKNOWN STEP	2026-08-27T14:30:10.1498180Z 
reconcile	UNKNOWN STEP	2026-08-27T14:30:10.1498827Z 
reconcile	UNKNOWN STEP	2026-08-27T14:30:10.1499785Z =========================================
reconcile	UNKNOWN STEP	2026-08-27T14:30:10.1501554Z VÝSLEDEK KUPÓNOVÉ RECONCILIACE
reconcile	UNKNOWN STEP	2026-08-27T14:30:10.1504256Z =========================================
reconcile	UNKNOWN STEP	2026-08-27T14:30:10.1543682Z Zkontrolováno: 183920 (produkt × ceník kombinací)
reconcile	UNKNOWN STEP	2026-08-27T14:30:10.1544657Z Sedí: 181240
reconcile	UNKNOWN STEP	2026-08-27T14:30:10.1545708Z Nově zjištěné neshody (čeká na potvrzení příští běh, zatím NEALERTOVÁNO): 316
reconcile	UNKNOWN STEP	2026-08-27T14:30:10.1546871Z ALERT -- ZR20/ZR25 lock porušen (okamžitě): 80
reconcile	UNKNOWN STEP	2026-08-27T14:30:10.1548059Z ALERT -- zcela chybí / bez sales polí (okamžitě): 1804
reconcile	UNKNOWN STEP	2026-08-27T14:30:10.1549037Z ALERT -- hodnota nesedí (přetrvává 2+ běhy): 480
reconcile	UNKNOWN STEP	2026-08-27T14:30:10.1549585Z 
reconcile	UNKNOWN STEP	2026-08-27T14:30:10.1549923Z --- ALERTY ---
reconcile	UNKNOWN STEP	2026-08-27T14:30:10.1552222Z Kupón měl být discountCoupon=false (Rule 4, lockedTiers, absolutní precedence). Shoptet má discountCoupon=true/minPriceRatio=0.000. Produkt 110006 (ceník ZR20) nebyl synchronizován. -> ALERT.
reconcile	UNKNOWN STEP	2026-08-27T14:30:10.1555016Z Kupón měl být discountCoupon=false (Rule 4, lockedTiers, absolutní precedence). Shoptet má discountCoupon=true/minPriceRatio=0.000. Produkt 110011 (ceník ZR20) nebyl synchronizován. -> ALERT.
reconcile	UNKNOWN STEP	2026-08-27T14:30:10.1557963Z Kupón měl být discountCoupon=false (Rule 4, lockedTiers, absolutní precedence). Shoptet má discountCoupon=true/minPriceRatio=0.000. Produkt 114046 (ceník ZR20) nebyl synchronizován. -> ALERT.
reconcile	UNKNOWN STEP	2026-08-27T14:30:10.1560592Z Kupón měl být discountCoupon=false (Rule 4, lockedTiers, absolutní precedence). Shoptet má discountCoupon=true/minPriceRatio=0.000. Produkt 31186 (ceník ZR20) nebyl synchronizován. -> ALERT.
reconcile	UNKNOWN STEP	2026-08-27T14:30:10.1563801Z Kupón měl být discountCoupon=false (Rule 4, lockedTiers, absolutní precedence). Shoptet má discountCoupon=true/minPriceRatio=0.000. Produkt 39374 (ceník ZR20) nebyl synchronizován. -> ALERT.
reconcile	UNKNOWN STEP	2026-08-27T14:30:10.1566702Z Kupón měl být discountCoupon=false (Rule 4, lockedTiers, absolutní precedence). Shoptet má discountCoupon=true/minPriceRatio=0.000. Produkt 39375 (ceník ZR20) nebyl synchronizován. -> ALERT.
reconcile	UNKNOWN STEP	2026-08-27T14:30:10.1569806Z Kupón měl být discountCoupon=false (Rule 4, lockedTiers, absolutní precedence). Shoptet má discountCoupon=true/minPriceRatio=0.000. Produkt 39376 (ceník ZR20) nebyl synchronizován. -> ALERT.
reconcile	UNKNOWN STEP	2026-08-27T14:30:10.1572561Z Kupón měl být discountCoupon=false (Rule 4, lockedTiers, absolutní precedence). Shoptet má discountCoupon=true/minPriceRatio=0.000. Produkt 41792 (ceník ZR20) nebyl synchronizován. -> ALERT.
reconcile	UNKNOWN STEP	2026-08-27T14:30:10.1575431Z Kupón měl být discountCoupon=false (Rule 4, lockedTiers, absolutní precedence). Shoptet má discountCoupon=true/minPriceRatio=0.000. Produkt 46445 (ceník ZR20) nebyl synchronizován. -> ALERT.
reconcile	UNKNOWN STEP	2026-08-27T14:30:10.1578513Z Kupón měl být discountCoupon=false (Rule 4, lockedTiers, absolutní precedence). Shoptet má discountCoupon=true/minPriceRatio=0.000. Produkt 46446 (ceník ZR20) nebyl synchronizován. -> ALERT.
reconcile	UNKNOWN STEP	2026-08-27T14:30:10.1581303Z Kupón měl být discountCoupon=false (Rule 4, lockedTiers, absolutní precedence). Shoptet má discountCoupon=true/minPriceRatio=0.000. Produkt 46447 (ceník ZR20) nebyl synchronizován. -> ALERT.
reconcile	UNKNOWN STEP	2026-08-27T14:30:10.1584006Z Kupón měl být discountCoupon=false (Rule 4, lockedTiers, absolutní precedence). Shoptet má discountCoupon=true/minPriceRatio=0.000. Produkt 46449 (ceník ZR20) nebyl synchronizován. -> ALERT.
reconcile	UNKNOWN STEP	2026-08-27T14:30:10.1586729Z Kupón měl být discountCoupon=false (Rule 4, lockedTiers, absolutní precedence). Shoptet má discountCoupon=true/minPriceRatio=0.000. Produkt 46451 (ceník ZR20) nebyl synchronizován. -> ALERT.
reconcile	UNKNOWN STEP	2026-08-27T14:30:10.1589767Z Kupón měl být discountCoupon=false (Rule 4, lockedTiers, absolutní precedence). Shoptet má discountCoupon=true/minPriceRatio=0.000. Produkt 46965 (ceník ZR20) nebyl synchronizován. -> ALERT.
reconcile	UNKNOWN STEP	2026-08-27T14:30:10.1592590Z Kupón měl být discountCoupon=false (Rule 4, lockedTiers, absolutní precedence). Shoptet má discountCoupon=true/minPriceRatio=0.000. Produkt 59723 (ceník ZR20) nebyl synchronizován. -> ALERT.
reconcile	UNKNOWN STEP	2026-08-27T14:30:10.1595404Z Kupón měl být discountCoupon=false (Rule 4, lockedTiers, absolutní precedence). Shoptet má discountCoupon=true/minPriceRatio=0.000. Produkt 64580 (ceník ZR20) nebyl synchronizován. -> ALERT.
reconcile	UNKNOWN STEP	2026-08-27T14:30:10.1598316Z Kupón měl být discountCoupon=false (Rule 4, lockedTiers, absolutní precedence). Shoptet má discountCoupon=true/minPriceRatio=0.000. Produkt 65805 (ceník ZR20) nebyl synchronizován. -> ALERT.
reconcile	UNKNOWN STEP	2026-08-27T14:30:10.1601080Z Kupón měl být discountCoupon=false (Rule 4, lockedTiers, absolutní precedence). Shoptet má discountCoupon=true/minPriceRatio=0.000. Produkt 66764 (ceník ZR20) nebyl synchronizován. -> ALERT.
reconcile	UNKNOWN STEP	2026-08-27T14:30:10.1604255Z Kupón měl být discountCoupon=false (Rule 4, lockedTiers, absolutní precedence). Shoptet má discountCoupon=true/minPriceRatio=0.000. Produkt 77667 (ceník ZR20) nebyl synchronizován. -> ALERT.
reconcile	UNKNOWN STEP	2026-08-27T14:30:10.1607233Z Kupón měl být discountCoupon=false (Rule 4, lockedTiers, absolutní precedence). Shoptet má discountCoupon=true/minPriceRatio=0.000. Produkt 77826 (ceník ZR20) nebyl synchronizován. -> ALERT.
reconcile	UNKNOWN STEP	2026-08-27T14:30:10.1610168Z Kupón měl být discountCoupon=false (Rule 4, lockedTiers, absolutní precedence). Shoptet má discountCoupon=true/minPriceRatio=0.000. Produkt 77854 (ceník ZR20) nebyl synchronizován. -> ALERT.
reconcile	UNKNOWN STEP	2026-08-27T14:30:10.1612703Z Kupón měl být discountCoupon=false (Rule 4, lockedTiers, absolutní precedence). Shoptet má discountCoupon=true/minPriceRatio=0.000. Produkt 77865 (ceník ZR20) nebyl synchronizován. -> ALERT.
reconcile	UNKNOWN STEP	2026-08-27T14:30:10.1615822Z Kupón měl být discountCoupon=false (Rule 4, lockedTiers, absolutní precedence). Shoptet má discountCoupon=true/minPriceRatio=0.000. Produkt 88246 (ceník ZR20) nebyl synchronizován. -> ALERT.
reconcile	UNKNOWN STEP	2026-08-27T14:30:10.1618802Z Kupón měl být discountCoupon=false (Rule 4, lockedTiers, absolutní precedence). Shoptet má discountCoupon=true/minPriceRatio=0.000. Produkt 88764 (ceník ZR20) nebyl synchronizován. -> ALERT.
reconcile	UNKNOWN STEP	2026-08-27T14:30:10.1621629Z Kupón měl být discountCoupon=false (Rule 4, lockedTiers, absolutní precedence). Shoptet má discountCoupon=true/minPriceRatio=0.000. Produkt 89283 (ceník ZR20) nebyl synchronizován. -> ALERT.
reconcile	UNKNOWN STEP	2026-08-27T14:30:10.1624434Z Kupón měl být discountCoupon=false (Rule 4, lockedTiers, absolutní precedence). Shoptet má discountCoupon=true/minPriceRatio=0.000. Produkt 89284 (ceník ZR20) nebyl synchronizován. -> ALERT.
reconcile	UNKNOWN STEP	2026-08-27T14:30:10.1627164Z Kupón měl být discountCoupon=false (Rule 4, lockedTiers, absolutní precedence). Shoptet má discountCoupon=true/minPriceRatio=0.000. Produkt 89285 (ceník ZR20) nebyl synchronizován. -> ALERT.
reconcile	UNKNOWN STEP	2026-08-27T14:30:10.1644787Z Kupón měl být discountCoupon=false (Rule 4, lockedTiers, absolutní precedence). Shoptet má discountCoupon=true/minPriceRatio=0.000. Produkt 89286 (ceník ZR20) nebyl synchronizován. -> ALERT.
reconcile	UNKNOWN STEP	2026-08-27T14:30:10.1690466Z Kupón měl být discountCoupon=false (Rule 4, lockedTiers, absolutní precedence). Shoptet má discountCoupon=true/minPriceRatio=0.000. Produkt 89287 (ceník ZR20) nebyl synchronizován. -> ALERT.
reconcile	UNKNOWN STEP	2026-08-27T14:30:10.1729903Z Kupón měl být discountCoupon=false (Rule 4, lockedTiers, absolutní precedence). Shoptet má discountCoupon=true/minPriceRatio=0.000. Produkt 89288 (ceník ZR20) nebyl synchronizován. -> ALERT.
reconcile	UNKNOWN STEP	2026-08-27T14:30:10.1735395Z Kupón měl být discountCoupon=false (Rule 4, lockedTiers, absolutní precedence). Shoptet má discountCoupon=true/minPriceRatio=0.000. Produkt 89289 (ceník ZR20) nebyl synchronizován. -> ALERT.
reconcile	UNKNOWN STEP	2026-08-27T14:30:10.1759575Z Kupón měl být discountCoupon=false (Rule 4, lockedTiers, absolutní precedence). Shoptet má discountCoupon=true/minPriceRatio=0.000. Produkt 89290 (ceník ZR20) nebyl synchronizován. -> ALERT.
reconcile	UNKNOWN STEP	2026-08-27T14:30:10.1765421Z Kupón měl být discountCoupon=false (Rule 4, lockedTiers, absolutní precedence). Shoptet má discountCoupon=true/minPriceRatio=0.000. Produkt 89291 (ceník ZR20) nebyl synchronizován. -> ALERT.
reconcile	UNKNOWN STEP	2026-08-27T14:30:10.1768712Z Kupón měl být discountCoupon=false (Rule 4, lockedTiers, absolutní precedence). Shoptet má discountCoupon=true/minPriceRatio=0.000. Produkt 89292 (ceník ZR20) nebyl synchronizován. -> ALERT.
reconcile	UNKNOWN STEP	2026-08-27T14:30:10.1793925Z CHYBA: Error: Kupónová reconciliace našla 2364 neshod (80x ZR20/ZR25 lock porušen, 1804x zcela chybí, 480x hodnota nesedí přes 2+ běhy). Detail výše v logu.
reconcile	UNKNOWN STEP	2026-08-27T14:30:10.1806208Z     at main (/home/runner/work/okfish-pricing-engine/okfish-pricing-engine/cloudflare-worker/src/cli/reconcile-coupon-drift.ts:364:15)
reconcile	UNKNOWN STEP	2026-08-27T14:30:10.1809009Z Kupón měl být discountCoupon=false (Rule 4, lockedTiers, absolutní precedence). Shoptet má discountCoupon=true/minPriceRatio=0.000. Produkt 89293 (ceník ZR20) nebyl synchronizován. -> ALERT.
reconcile	UNKNOWN STEP	2026-08-27T14:30:10.1814125Z     at process.processTicksAndRejections (node:internal/process/task_queues:95:5)
reconcile	UNKNOWN STEP	2026-08-27T14:30:10.1816305Z Kupón měl být discountCoupon=false (Rule 4, lockedTiers, absolutní precedence). Shoptet má discountCoupon=true/minPriceRatio=0.000. Produkt 89294 (ceník ZR20) nebyl synchronizován. -> ALERT.
reconcile	UNKNOWN STEP	2026-08-27T14:30:10.1820665Z Kupón měl být discountCoupon=false (Rule 4, lockedTiers, absolutní precedence). Shoptet má discountCoupon=true/minPriceRatio=0.000. Produkt 89295 (ceník ZR20) nebyl synchronizován. -> ALERT.
reconcile	UNKNOWN STEP	2026-08-27T14:30:10.1823879Z Kupón měl být discountCoupon=false (Rule 4, lockedTiers, absolutní precedence). Shoptet má discountCoupon=true/minPriceRatio=0.000. Produkt 89296 (ceník ZR20) nebyl synchronizován. -> ALERT.
reconcile	UNKNOWN STEP	2026-08-27T14:30:10.1826416Z Kupón měl být discountCoupon=false (Rule 4, lockedTiers, absolutní precedence). Shoptet má discountCoupon=true/minPriceRatio=0.000. Produkt 89297 (ceník ZR20) nebyl synchronizován. -> ALERT.
reconcile	UNKNOWN STEP	2026-08-27T14:30:10.1829655Z Kupón měl být discountCoupon=false (Rule 4, lockedTiers, absolutní precedence). Shoptet má discountCoupon=true/minPriceRatio=0.000. Produkt 96572 (ceník ZR20) nebyl synchronizován. -> ALERT.
reconcile	UNKNOWN STEP	2026-08-27T14:30:10.1832272Z Kupón měl být discountCoupon=false (Rule 4, lockedTiers, absolutní precedence). Shoptet má discountCoupon=true/minPriceRatio=0.000. Produkt 97174 (ceník ZR20) nebyl synchronizován. -> ALERT.
reconcile	UNKNOWN STEP	2026-08-27T14:30:10.1834843Z Kupón měl být discountCoupon=false (Rule 4, lockedTiers, absolutní precedence). Shoptet má discountCoupon=true/minPriceRatio=0.000. Produkt 110006 (ceník ZR25) nebyl synchronizován. -> ALERT.
reconcile	UNKNOWN STEP	2026-08-27T14:30:10.1837402Z Kupón měl být discountCoupon=false (Rule 4, lockedTiers, absolutní precedence). Shoptet má discountCoupon=true/minPriceRatio=0.000. Produkt 110011 (ceník ZR25) nebyl synchronizován. -> ALERT.
reconcile	UNKNOWN STEP	2026-08-27T14:30:10.1850841Z Kupón měl být discountCoupon=false (Rule 4, lockedTiers, absolutní precedence). Shoptet má discountCoupon=true/minPriceRatio=0.000. Produkt 114046 (ceník ZR25) nebyl synchronizován. -> ALERT.
reconcile	UNKNOWN STEP	2026-08-27T14:30:10.1853350Z Kupón měl být discountCoupon=false (Rule 4, lockedTiers, absolutní precedence). Shoptet má discountCoupon=true/minPriceRatio=0.000. Produkt 31186 (ceník ZR25) nebyl synchronizován. -> ALERT.
reconcile	UNKNOWN STEP	2026-08-27T14:30:10.1856006Z Kupón měl být discountCoupon=false (Rule 4, lockedTiers, absolutní precedence). Shoptet má discountCoupon=true/minPriceRatio=0.000. Produkt 39374 (ceník ZR25) nebyl synchronizován. -> ALERT.
reconcile	UNKNOWN STEP	2026-08-27T14:30:10.1858860Z Kupón měl být discountCoupon=false (Rule 4, lockedTiers, absolutní precedence). Shoptet má discountCoupon=true/minPriceRatio=0.000. Produkt 39375 (ceník ZR25) nebyl synchronizován. -> ALERT.
reconcile	UNKNOWN STEP	2026-08-27T14:30:10.1861490Z Kupón měl být discountCoupon=false (Rule 4, lockedTiers, absolutní precedence). Shoptet má discountCoupon=true/minPriceRatio=0.000. Produkt 39376 (ceník ZR25) nebyl synchronizován. -> ALERT.
reconcile	UNKNOWN STEP	2026-08-27T14:30:10.1864048Z Kupón měl být discountCoupon=false (Rule 4, lockedTiers, absolutní precedence). Shoptet má discountCoupon=true/minPriceRatio=0.000. Produkt 41792 (ceník ZR25) nebyl synchronizován. -> ALERT.
reconcile	UNKNOWN STEP	2026-08-27T14:30:10.1866683Z Kupón měl být discountCoupon=false (Rule 4, lockedTiers, absolutní precedence). Shoptet má discountCoupon=true/minPriceRatio=0.000. Produkt 46445 (ceník ZR25) nebyl synchronizován. -> ALERT.
reconcile	UNKNOWN STEP	2026-08-27T14:30:10.1869980Z Kupón měl být discountCoupon=false (Rule 4, lockedTiers, absolutní precedence). Shoptet má discountCoupon=true/minPriceRatio=0.000. Produkt 46446 (ceník ZR25) nebyl synchronizován. -> ALERT.
reconcile	UNKNOWN STEP	2026-08-27T14:30:10.1872500Z Kupón měl být discountCoupon=false (Rule 4, lockedTiers, absolutní precedence). Shoptet má discountCoupon=true/minPriceRatio=0.000. Produkt 46447 (ceník ZR25) nebyl synchronizován. -> ALERT.
reconcile	UNKNOWN STEP	2026-08-27T14:30:10.1875229Z Kupón měl být discountCoupon=false (Rule 4, lockedTiers, absolutní precedence). Shoptet má discountCoupon=true/minPriceRatio=0.000. Produkt 46449 (ceník ZR25) nebyl synchronizován. -> ALERT.
reconcile	UNKNOWN STEP	2026-08-27T14:30:10.1880323Z Kupón měl být discountCoupon=false (Rule 4, lockedTiers, absolutní precedence). Shoptet má discountCoupon=true/minPriceRatio=0.000. Produkt 46451 (ceník ZR25) nebyl synchronizován. -> ALERT.
reconcile	UNKNOWN STEP	2026-08-27T14:30:10.1883429Z Kupón měl být discountCoupon=false (Rule 4, lockedTiers, absolutní precedence). Shoptet má discountCoupon=true/minPriceRatio=0.000. Produkt 46965 (ceník ZR25) nebyl synchronizován. -> ALERT.
reconcile	UNKNOWN STEP	2026-08-27T14:30:10.1885846Z Kupón měl být discountCoupon=false (Rule 4, lockedTiers, absolutní precedence). Shoptet má discountCoupon=true/minPriceRatio=0.000. Produkt 59723 (ceník ZR25) nebyl synchronizován. -> ALERT.
reconcile	UNKNOWN STEP	2026-08-27T14:30:10.1888595Z Kupón měl být discountCoupon=false (Rule 4, lockedTiers, absolutní precedence). Shoptet má discountCoupon=true/minPriceRatio=0.000. Produkt 64580 (ceník ZR25) nebyl synchronizován. -> ALERT.
reconcile	UNKNOWN STEP	2026-08-27T14:30:10.1891180Z Kupón měl být discountCoupon=false (Rule 4, lockedTiers, absolutní precedence). Shoptet má discountCoupon=true/minPriceRatio=0.000. Produkt 65805 (ceník ZR25) nebyl synchronizován. -> ALERT.
reconcile	UNKNOWN STEP	2026-08-27T14:30:10.1893636Z Kupón měl být discountCoupon=false (Rule 4, lockedTiers, absolutní precedence). Shoptet má discountCoupon=true/minPriceRatio=0.000. Produkt 66764 (ceník ZR25) nebyl synchronizován. -> ALERT.
reconcile	UNKNOWN STEP	2026-08-27T14:30:10.1896179Z Kupón měl být discountCoupon=false (Rule 4, lockedTiers, absolutní precedence). Shoptet má discountCoupon=true/minPriceRatio=0.000. Produkt 77826 (ceník ZR25) nebyl synchronizován. -> ALERT.
reconcile	UNKNOWN STEP	2026-08-27T14:30:10.1898956Z Kupón měl být discountCoupon=false (Rule 4, lockedTiers, absolutní precedence). Shoptet má discountCoupon=true/minPriceRatio=0.000. Produkt 77854 (ceník ZR25) nebyl synchronizován. -> ALERT.
reconcile	UNKNOWN STEP	2026-08-27T14:30:10.1901347Z Kupón měl být discountCoupon=false (Rule 4, lockedTiers, absolutní precedence). Shoptet má discountCoupon=true/minPriceRatio=0.000. Produkt 77865 (ceník ZR25) nebyl synchronizován. -> ALERT.
reconcile	UNKNOWN STEP	2026-08-27T14:30:10.1903796Z Kupón měl být discountCoupon=false (Rule 4, lockedTiers, absolutní precedence). Shoptet má discountCoupon=true/minPriceRatio=0.000. Produkt 88246 (ceník ZR25) nebyl synchronizován. -> ALERT.
reconcile	UNKNOWN STEP	2026-08-27T14:30:10.1906139Z Kupón měl být discountCoupon=false (Rule 4, lockedTiers, absolutní precedence). Shoptet má discountCoupon=true/minPriceRatio=0.000. Produkt 89283 (ceník ZR25) nebyl synchronizován. -> ALERT.
reconcile	UNKNOWN STEP	2026-08-27T14:30:10.1908731Z Kupón měl být discountCoupon=false (Rule 4, lockedTiers, absolutní precedence). Shoptet má discountCoupon=true/minPriceRatio=0.000. Produkt 89284 (ceník ZR25) nebyl synchronizován. -> ALERT.
reconcile	UNKNOWN STEP	2026-08-27T14:30:10.1911104Z Kupón měl být discountCoupon=false (Rule 4, lockedTiers, absolutní precedence). Shoptet má discountCoupon=true/minPriceRatio=0.000. Produkt 89285 (ceník ZR25) nebyl synchronizován. -> ALERT.
reconcile	UNKNOWN STEP	2026-08-27T14:30:10.1913770Z Kupón měl být discountCoupon=false (Rule 4, lockedTiers, absolutní precedence). Shoptet má discountCoupon=true/minPriceRatio=0.000. Produkt 89286 (ceník ZR25) nebyl synchronizován. -> ALERT.
reconcile	UNKNOWN STEP	2026-08-27T14:30:10.1916374Z Kupón měl být discountCoupon=false (Rule 4, lockedTiers, absolutní precedence). Shoptet má discountCoupon=true/minPriceRatio=0.000. Produkt 89287 (ceník ZR25) nebyl synchronizován. -> ALERT.
reconcile	UNKNOWN STEP	2026-08-27T14:30:10.1919230Z Kupón měl být discountCoupon=false (Rule 4, lockedTiers, absolutní precedence). Shoptet má discountCoupon=true/minPriceRatio=0.000. Produkt 89288 (ceník ZR25) nebyl synchronizován. -> ALERT.
reconcile	UNKNOWN STEP	2026-08-27T14:30:10.1921838Z Kupón měl být discountCoupon=false (Rule 4, lockedTiers, absolutní precedence). Shoptet má discountCoupon=true/minPriceRatio=0.000. Produkt 89289 (ceník ZR25) nebyl synchronizován. -> ALERT.
reconcile	UNKNOWN STEP	2026-08-27T14:30:10.1924362Z Kupón měl být discountCoupon=false (Rule 4, lockedTiers, absolutní precedence). Shoptet má discountCoupon=true/minPriceRatio=0.000. Produkt 89290 (ceník ZR25) nebyl synchronizován. -> ALERT.
reconcile	UNKNOWN STEP	2026-08-27T14:30:10.1926982Z Kupón měl být discountCoupon=false (Rule 4, lockedTiers, absolutní precedence). Shoptet má discountCoupon=true/minPriceRatio=0.000. Produkt 89291 (ceník ZR25) nebyl synchronizován. -> ALERT.
reconcile	UNKNOWN STEP	2026-08-27T14:30:10.1929821Z Kupón měl být discountCoupon=false (Rule 4, lockedTiers, absolutní precedence). Shoptet má discountCoupon=true/minPriceRatio=0.000. Produkt 89292 (ceník ZR25) nebyl synchronizován. -> ALERT.
reconcile	UNKNOWN STEP	2026-08-27T14:30:10.1932618Z Kupón měl být discountCoupon=false (Rule 4, lockedTiers, absolutní precedence). Shoptet má discountCoupon=true/minPriceRatio=0.000. Produkt 89293 (ceník ZR25) nebyl synchronizován. -> ALERT.
reconcile	UNKNOWN STEP	2026-08-27T14:30:10.1935230Z Kupón měl být discountCoupon=false (Rule 4, lockedTiers, absolutní precedence). Shoptet má discountCoupon=true/minPriceRatio=0.000. Produkt 89294 (ceník ZR25) nebyl synchronizován. -> ALERT.
reconcile	UNKNOWN STEP	2026-08-27T14:30:10.1938021Z Kupón měl být discountCoupon=false (Rule 4, lockedTiers, absolutní precedence). Shoptet má discountCoupon=true/minPriceRatio=0.000. Produkt 89295 (ceník ZR25) nebyl synchronizován. -> ALERT.
reconcile	UNKNOWN STEP	2026-08-27T14:30:10.1940639Z Kupón měl být discountCoupon=false (Rule 4, lockedTiers, absolutní precedence). Shoptet má discountCoupon=true/minPriceRatio=0.000. Produkt 89296 (ceník ZR25) nebyl synchronizován. -> ALERT.
reconcile	UNKNOWN STEP	2026-08-27T14:30:10.1943029Z Kupón měl být discountCoupon=false (Rule 4, lockedTiers, absolutní precedence). Shoptet má discountCoupon=true/minPriceRatio=0.000. Produkt 89297 (ceník ZR25) nebyl synchronizován. -> ALERT.
reconcile	UNKNOWN STEP	2026-08-27T14:30:10.1945397Z Kupón měl být discountCoupon=false (Rule 4, lockedTiers, absolutní precedence). Shoptet má discountCoupon=true/minPriceRatio=0.000. Produkt 96572 (ceník ZR25) nebyl synchronizován. -> ALERT.
reconcile	UNKNOWN STEP	2026-08-27T14:30:10.1947968Z Kupón měl být discountCoupon=false (Rule 4, lockedTiers, absolutní precedence). Shoptet má discountCoupon=true/minPriceRatio=0.000. Produkt 97174 (ceník ZR25) nebyl synchronizován. -> ALERT.
reconcile	UNKNOWN STEP	2026-08-27T14:30:10.1950095Z Kupón měl být discountCoupon=true/minPriceRatio=0.8400. Shoptet má CHYBÍ CELÝ ZÁZNAM. Produkt 100464 (ceník ZR4) nebyl synchronizován. -> ALERT.
reconcile	UNKNOWN STEP	2026-08-27T14:30:10.1951940Z Kupón měl být discountCoupon=true/minPriceRatio=0.8400. Shoptet má CHYBÍ CELÝ ZÁZNAM. Produkt 100465 (ceník ZR4) nebyl synchronizován. -> ALERT.
reconcile	UNKNOWN STEP	2026-08-27T14:30:10.1953754Z Kupón měl být discountCoupon=true/minPriceRatio=0.8400. Shoptet má CHYBÍ CELÝ ZÁZNAM. Produkt 100467 (ceník ZR4) nebyl synchronizován. -> ALERT.
reconcile	UNKNOWN STEP	2026-08-27T14:30:10.1955677Z Kupón měl být discountCoupon=true/minPriceRatio=0.8400. Shoptet má CHYBÍ CELÝ ZÁZNAM. Produkt 100468 (ceník ZR4) nebyl synchronizován. -> ALERT.
reconcile	UNKNOWN STEP	2026-08-27T14:30:10.1957716Z Kupón měl být discountCoupon=true/minPriceRatio=0.8400. Shoptet má CHYBÍ CELÝ ZÁZNAM. Produkt 100469 (ceník ZR4) nebyl synchronizován. -> ALERT.
reconcile	UNKNOWN STEP	2026-08-27T14:30:10.1959647Z Kupón měl být discountCoupon=true/minPriceRatio=0.8400. Shoptet má CHYBÍ CELÝ ZÁZNAM. Produkt 100580 (ceník ZR4) nebyl synchronizován. -> ALERT.
reconcile	UNKNOWN STEP	2026-08-27T14:30:10.1961615Z Kupón měl být discountCoupon=true/minPriceRatio=0.8400. Shoptet má CHYBÍ CELÝ ZÁZNAM. Produkt 100594 (ceník ZR4) nebyl synchronizován. -> ALERT.
reconcile	UNKNOWN STEP	2026-08-27T14:30:10.1963545Z Kupón měl být discountCoupon=true/minPriceRatio=0.8400. Shoptet má CHYBÍ CELÝ ZÁZNAM. Produkt 100595 (ceník ZR4) nebyl synchronizován. -> ALERT.
reconcile	UNKNOWN STEP	2026-08-27T14:30:10.1965464Z Kupón měl být discountCoupon=true/minPriceRatio=0.8400. Shoptet má CHYBÍ CELÝ ZÁZNAM. Produkt 100597 (ceník ZR4) nebyl synchronizován. -> ALERT.
reconcile	UNKNOWN STEP	2026-08-27T14:30:10.1967432Z Kupón měl být discountCoupon=true/minPriceRatio=0.8400. Shoptet má CHYBÍ CELÝ ZÁZNAM. Produkt 100598 (ceník ZR4) nebyl synchronizován. -> ALERT.
reconcile	UNKNOWN STEP	2026-08-27T14:30:10.1969567Z Kupón měl být discountCoupon=true/minPriceRatio=0.8400. Shoptet má CHYBÍ CELÝ ZÁZNAM. Produkt 100599 (ceník ZR4) nebyl synchronizován. -> ALERT.
reconcile	UNKNOWN STEP	2026-08-27T14:30:10.1971434Z Kupón měl být discountCoupon=true/minPriceRatio=0.8400. Shoptet má CHYBÍ CELÝ ZÁZNAM. Produkt 100659 (ceník ZR4) nebyl synchronizován. -> ALERT.
reconcile	UNKNOWN STEP	2026-08-27T14:30:10.1973395Z Kupón měl být discountCoupon=true/minPriceRatio=0.8400. Shoptet má CHYBÍ CELÝ ZÁZNAM. Produkt 100769 (ceník ZR4) nebyl synchronizován. -> ALERT.
reconcile	UNKNOWN STEP	2026-08-27T14:30:10.1975327Z Kupón měl být discountCoupon=true/minPriceRatio=0.8400. Shoptet má CHYBÍ CELÝ ZÁZNAM. Produkt 100770 (ceník ZR4) nebyl synchronizován. -> ALERT.
reconcile	UNKNOWN STEP	2026-08-27T14:30:10.1977300Z Kupón měl být discountCoupon=true/minPriceRatio=0.8400. Shoptet má CHYBÍ CELÝ ZÁZNAM. Produkt 100771 (ceník ZR4) nebyl synchronizován. -> ALERT.
reconcile	UNKNOWN STEP	2026-08-27T14:30:10.1979622Z Kupón měl být discountCoupon=true/minPriceRatio=0.8400. Shoptet má CHYBÍ CELÝ ZÁZNAM. Produkt 100772 (ceník ZR4) nebyl synchronizován. -> ALERT.
reconcile	UNKNOWN STEP	2026-08-27T14:30:10.1981580Z Kupón měl být discountCoupon=true/minPriceRatio=0.8400. Shoptet má CHYBÍ CELÝ ZÁZNAM. Produkt 100773 (ceník ZR4) nebyl synchronizován. -> ALERT.
reconcile	UNKNOWN STEP	2026-08-27T14:30:10.1983459Z Kupón měl být discountCoupon=true/minPriceRatio=0.8400. Shoptet má CHYBÍ CELÝ ZÁZNAM. Produkt 100774 (ceník ZR4) nebyl synchronizován. -> ALERT.
reconcile	UNKNOWN STEP	2026-08-27T14:30:10.1985445Z Kupón měl být discountCoupon=true/minPriceRatio=0.8400. Shoptet má CHYBÍ CELÝ ZÁZNAM. Produkt 101591 (ceník ZR4) nebyl synchronizován. -> ALERT.
reconcile	UNKNOWN STEP	2026-08-27T14:30:10.1987233Z Kupón měl být discountCoupon=true/minPriceRatio=0.8400. Shoptet má CHYBÍ CELÝ ZÁZNAM. Produkt 101594 (ceník ZR4) nebyl synchronizován. -> ALERT.
reconcile	UNKNOWN STEP	2026-08-27T14:30:10.1989229Z Kupón měl být discountCoupon=true/minPriceRatio=0.8400. Shoptet má CHYBÍ CELÝ ZÁZNAM. Produkt 101816 (ceník ZR4) nebyl synchronizován. -> ALERT.
reconcile	UNKNOWN STEP	2026-08-27T14:30:10.1991066Z Kupón měl být discountCoupon=true/minPriceRatio=0.8400. Shoptet má CHYBÍ CELÝ ZÁZNAM. Produkt 101817 (ceník ZR4) nebyl synchronizován. -> ALERT.
reconcile	UNKNOWN STEP	2026-08-27T14:30:10.1992902Z Kupón měl být discountCoupon=true/minPriceRatio=0.8400. Shoptet má CHYBÍ CELÝ ZÁZNAM. Produkt 101818 (ceník ZR4) nebyl synchronizován. -> ALERT.
reconcile	UNKNOWN STEP	2026-08-27T14:30:10.1994691Z Kupón měl být discountCoupon=true/minPriceRatio=0.8400. Shoptet má CHYBÍ CELÝ ZÁZNAM. Produkt 104257 (ceník ZR4) nebyl synchronizován. -> ALERT.
reconcile	UNKNOWN STEP	2026-08-27T14:30:10.1996480Z Kupón měl být discountCoupon=true/minPriceRatio=0.9400. Shoptet má CHYBÍ CELÝ ZÁZNAM. Produkt 109021 (ceník ZR4) nebyl synchronizován. -> ALERT.
reconcile	UNKNOWN STEP	2026-08-27T14:30:10.1998409Z Kupón měl být discountCoupon=true/minPriceRatio=0.9400. Shoptet má CHYBÍ CELÝ ZÁZNAM. Produkt 109023 (ceník ZR4) nebyl synchronizován. -> ALERT.
reconcile	UNKNOWN STEP	2026-08-27T14:30:10.2000251Z Kupón měl být discountCoupon=true/minPriceRatio=0.8400. Shoptet má CHYBÍ CELÝ ZÁZNAM. Produkt 110001 (ceník ZR4) nebyl synchronizován. -> ALERT.
reconcile	UNKNOWN STEP	2026-08-27T14:30:10.2002227Z Kupón měl být discountCoupon=true/minPriceRatio=0.8400. Shoptet má CHYBÍ CELÝ ZÁZNAM. Produkt 110002 (ceník ZR4) nebyl synchronizován. -> ALERT.
reconcile	UNKNOWN STEP	2026-08-27T14:30:10.2004110Z Kupón měl být discountCoupon=true/minPriceRatio=0.8400. Shoptet má CHYBÍ CELÝ ZÁZNAM. Produkt 110007 (ceník ZR4) nebyl synchronizován. -> ALERT.
reconcile	UNKNOWN STEP	2026-08-27T14:30:10.2006046Z Kupón měl být discountCoupon=true/minPriceRatio=0.8400. Shoptet má CHYBÍ CELÝ ZÁZNAM. Produkt 110009 (ceník ZR4) nebyl synchronizován. -> ALERT.
reconcile	UNKNOWN STEP	2026-08-27T14:30:10.2008149Z Kupón měl být discountCoupon=true/minPriceRatio=0.8400. Shoptet má CHYBÍ CELÝ ZÁZNAM. Produkt 110010 (ceník ZR4) nebyl synchronizován. -> ALERT.
reconcile	UNKNOWN STEP	2026-08-27T14:30:10.2010044Z Kupón měl být discountCoupon=true/minPriceRatio=0.8400. Shoptet má CHYBÍ CELÝ ZÁZNAM. Produkt 110012 (ceník ZR4) nebyl synchronizován. -> ALERT.
reconcile	UNKNOWN STEP	2026-08-27T14:30:10.2012209Z Kupón měl být discountCoupon=true/minPriceRatio=0.8400. Shoptet má CHYBÍ CELÝ ZÁZNAM. Produkt 110014 (ceník ZR4) nebyl synchronizován. -> ALERT.
reconcile	UNKNOWN STEP	2026-08-27T14:30:10.2014154Z Kupón měl být discountCoupon=true/minPriceRatio=0.8400. Shoptet má CHYBÍ CELÝ ZÁZNAM. Produkt 110015 (ceník ZR4) nebyl synchronizován. -> ALERT.
reconcile	UNKNOWN STEP	2026-08-27T14:30:10.2016330Z Kupón měl být discountCoupon=true/minPriceRatio=0.8400. Shoptet má CHYBÍ CELÝ ZÁZNAM. Produkt 110016 (ceník ZR4) nebyl synchronizován. -> ALERT.
reconcile	UNKNOWN STEP	2026-08-27T14:30:10.2018401Z Kupón měl být discountCoupon=true/minPriceRatio=0.8400. Shoptet má CHYBÍ CELÝ ZÁZNAM. Produkt 110017 (ceník ZR4) nebyl synchronizován. -> ALERT.
reconcile	UNKNOWN STEP	2026-08-27T14:30:10.2020621Z Kupón měl být discountCoupon=true/minPriceRatio=0.8400. Shoptet má CHYBÍ CELÝ ZÁZNAM. Produkt 110019 (ceník ZR4) nebyl synchronizován. -> ALERT.
reconcile	UNKNOWN STEP	2026-08-27T14:30:10.2022551Z Kupón měl být discountCoupon=true/minPriceRatio=0.8400. Shoptet má CHYBÍ CELÝ ZÁZNAM. Produkt 110020 (ceník ZR4) nebyl synchronizován. -> ALERT.
reconcile	UNKNOWN STEP	2026-08-27T14:30:10.2024459Z Kupón měl být discountCoupon=true/minPriceRatio=0.8400. Shoptet má CHYBÍ CELÝ ZÁZNAM. Produkt 110021 (ceník ZR4) nebyl synchronizován. -> ALERT.
reconcile	UNKNOWN STEP	2026-08-27T14:30:10.2026340Z Kupón měl být discountCoupon=true/minPriceRatio=0.8400. Shoptet má CHYBÍ CELÝ ZÁZNAM. Produkt 110022 (ceník ZR4) nebyl synchronizován. -> ALERT.
reconcile	UNKNOWN STEP	2026-08-27T14:30:10.2028396Z Kupón měl být discountCoupon=true/minPriceRatio=0.8400. Shoptet má CHYBÍ CELÝ ZÁZNAM. Produkt 110023 (ceník ZR4) nebyl synchronizován. -> ALERT.
reconcile	UNKNOWN STEP	2026-08-27T14:30:10.2030240Z Kupón měl být discountCoupon=true/minPriceRatio=0.8400. Shoptet má CHYBÍ CELÝ ZÁZNAM. Produkt 110024 (ceník ZR4) nebyl synchronizován. -> ALERT.
reconcile	UNKNOWN STEP	2026-08-27T14:30:10.2032092Z Kupón měl být discountCoupon=true/minPriceRatio=0.8400. Shoptet má CHYBÍ CELÝ ZÁZNAM. Produkt 110036 (ceník ZR4) nebyl synchronizován. -> ALERT.
reconcile	UNKNOWN STEP	2026-08-27T14:30:10.2033875Z Kupón měl být discountCoupon=true/minPriceRatio=0.8400. Shoptet má CHYBÍ CELÝ ZÁZNAM. Produkt 110037 (ceník ZR4) nebyl synchronizován. -> ALERT.
reconcile	UNKNOWN STEP	2026-08-27T14:30:10.2035688Z Kupón měl být discountCoupon=true/minPriceRatio=0.9400. Shoptet má CHYBÍ CELÝ ZÁZNAM. Produkt 29983 (ceník ZR4) nebyl synchronizován. -> ALERT.
reconcile	UNKNOWN STEP	2026-08-27T14:30:10.2037490Z Kupón měl být discountCoupon=true/minPriceRatio=0.9400. Shoptet má CHYBÍ CELÝ ZÁZNAM. Produkt 29985 (ceník ZR4) nebyl synchronizován. -> ALERT.
reconcile	UNKNOWN STEP	2026-08-27T14:30:10.2039402Z Kupón měl být discountCoupon=true/minPriceRatio=0.9400. Shoptet má CHYBÍ CELÝ ZÁZNAM. Produkt 29986 (ceník ZR4) nebyl synchronizován. -> ALERT.
reconcile	UNKNOWN STEP	2026-08-27T14:30:10.2041172Z Kupón měl být discountCoupon=true/minPriceRatio=0.8400. Shoptet má CHYBÍ CELÝ ZÁZNAM. Produkt 31185 (ceník ZR4) nebyl synchronizován. -> ALERT.
reconcile	UNKNOWN STEP	2026-08-27T14:30:10.2042986Z Kupón měl být discountCoupon=true/minPriceRatio=0.8400. Shoptet má CHYBÍ CELÝ ZÁZNAM. Produkt 31187 (ceník ZR4) nebyl synchronizován. -> ALERT.
reconcile	UNKNOWN STEP	2026-08-27T14:30:10.2044796Z Kupón měl být discountCoupon=true/minPriceRatio=0.8400. Shoptet má CHYBÍ CELÝ ZÁZNAM. Produkt 31212 (ceník ZR4) nebyl synchronizován. -> ALERT.
reconcile	UNKNOWN STEP	2026-08-27T14:30:10.2046490Z Kupón měl být discountCoupon=true/minPriceRatio=0.8400. Shoptet má CHYBÍ CELÝ ZÁZNAM. Produkt 31822 (ceník ZR4) nebyl synchronizován. -> ALERT.
reconcile	UNKNOWN STEP	2026-08-27T14:30:10.2048240Z Kupón měl být discountCoupon=true/minPriceRatio=0.8400. Shoptet má CHYBÍ CELÝ ZÁZNAM. Produkt 38350 (ceník ZR4) nebyl synchronizován. -> ALERT.
reconcile	UNKNOWN STEP	2026-08-27T14:30:10.2049962Z Kupón měl být discountCoupon=true/minPriceRatio=0.8400. Shoptet má CHYBÍ CELÝ ZÁZNAM. Produkt 38353 (ceník ZR4) nebyl synchronizován. -> ALERT.
reconcile	UNKNOWN STEP	2026-08-27T14:30:10.2051679Z Kupón měl být discountCoupon=true/minPriceRatio=0.8400. Shoptet má CHYBÍ CELÝ ZÁZNAM. Produkt 41019 (ceník ZR4) nebyl synchronizován. -> ALERT.
reconcile	UNKNOWN STEP	2026-08-27T14:30:10.2053569Z Kupón měl být discountCoupon=true/minPriceRatio=0.8400. Shoptet má CHYBÍ CELÝ ZÁZNAM. Produkt 41760 (ceník ZR4) nebyl synchronizován. -> ALERT.
reconcile	UNKNOWN STEP	2026-08-27T14:30:10.2055475Z Kupón měl být discountCoupon=true/minPriceRatio=0.8400. Shoptet má CHYBÍ CELÝ ZÁZNAM. Produkt 41761 (ceník ZR4) nebyl synchronizován. -> ALERT.
reconcile	UNKNOWN STEP	2026-08-27T14:30:10.2057746Z Kupón měl být discountCoupon=true/minPriceRatio=0.8400. Shoptet má CHYBÍ CELÝ ZÁZNAM. Produkt 41762 (ceník ZR4) nebyl synchronizován. -> ALERT.
reconcile	UNKNOWN STEP	2026-08-27T14:30:10.2059629Z Kupón měl být discountCoupon=true/minPriceRatio=0.8400. Shoptet má CHYBÍ CELÝ ZÁZNAM. Produkt 41763 (ceník ZR4) nebyl synchronizován. -> ALERT.
reconcile	UNKNOWN STEP	2026-08-27T14:30:10.2061542Z Kupón měl být discountCoupon=true/minPriceRatio=0.8400. Shoptet má CHYBÍ CELÝ ZÁZNAM. Produkt 41764 (ceník ZR4) nebyl synchronizován. -> ALERT.
reconcile	UNKNOWN STEP	2026-08-27T14:30:10.2063451Z Kupón měl být discountCoupon=true/minPriceRatio=0.8400. Shoptet má CHYBÍ CELÝ ZÁZNAM. Produkt 41765 (ceník ZR4) nebyl synchronizován. -> ALERT.
reconcile	UNKNOWN STEP	2026-08-27T14:30:10.2065522Z Kupón měl být discountCoupon=true/minPriceRatio=0.8400. Shoptet má CHYBÍ CELÝ ZÁZNAM. Produkt 41790 (ceník ZR4) nebyl synchronizován. -> ALERT.
reconcile	UNKNOWN STEP	2026-08-27T14:30:10.2067413Z Kupón měl být discountCoupon=true/minPriceRatio=0.8400. Shoptet má CHYBÍ CELÝ ZÁZNAM. Produkt 41793 (ceník ZR4) nebyl synchronizován. -> ALERT.
reconcile	UNKNOWN STEP	2026-08-27T14:30:10.2069487Z Kupón měl být discountCoupon=true/minPriceRatio=0.8400. Shoptet má CHYBÍ CELÝ ZÁZNAM. Produkt 41812 (ceník ZR4) nebyl synchronizován. -> ALERT.
reconcile	UNKNOWN STEP	2026-08-27T14:30:10.2071408Z Kupón měl být discountCoupon=true/minPriceRatio=0.8400. Shoptet má CHYBÍ CELÝ ZÁZNAM. Produkt 41867 (ceník ZR4) nebyl synchronizován. -> ALERT.
reconcile	UNKNOWN STEP	2026-08-27T14:30:10.2073294Z Kupón měl být discountCoupon=true/minPriceRatio=0.8400. Shoptet má CHYBÍ CELÝ ZÁZNAM. Produkt 41868 (ceník ZR4) nebyl synchronizován. -> ALERT.
reconcile	UNKNOWN STEP	2026-08-27T14:30:10.2075199Z Kupón měl být discountCoupon=true/minPriceRatio=0.8400. Shoptet má CHYBÍ CELÝ ZÁZNAM. Produkt 41869 (ceník ZR4) nebyl synchronizován. -> ALERT.
reconcile	UNKNOWN STEP	2026-08-27T14:30:10.2077184Z Kupón měl být discountCoupon=true/minPriceRatio=0.8400. Shoptet má CHYBÍ CELÝ ZÁZNAM. Produkt 41870 (ceník ZR4) nebyl synchronizován. -> ALERT.
reconcile	UNKNOWN STEP	2026-08-27T14:30:10.2079274Z Kupón měl být discountCoupon=true/minPriceRatio=0.8400. Shoptet má CHYBÍ CELÝ ZÁZNAM. Produkt 41871 (ceník ZR4) nebyl synchronizován. -> ALERT.
reconcile	UNKNOWN STEP	2026-08-27T14:30:10.2081092Z Kupón měl být discountCoupon=true/minPriceRatio=0.8400. Shoptet má CHYBÍ CELÝ ZÁZNAM. Produkt 42947 (ceník ZR4) nebyl synchronizován. -> ALERT.
reconcile	UNKNOWN STEP	2026-08-27T14:30:10.2082668Z Kupón měl být discountCoupon=true/minPriceRatio=0.8400. Shoptet má CHYBÍ CELÝ ZÁZNAM. Produkt 42948 (ceník ZR4) nebyl synchronizován. -> ALERT.
reconcile	UNKNOWN STEP	2026-08-27T14:30:10.2084240Z Kupón měl být discountCoupon=true/minPriceRatio=0.8400. Shoptet má CHYBÍ CELÝ ZÁZNAM. Produkt 43749 (ceník ZR4) nebyl synchronizován. -> ALERT.
reconcile	UNKNOWN STEP	2026-08-27T14:30:10.2085916Z Kupón měl být discountCoupon=true/minPriceRatio=0.8400. Shoptet má CHYBÍ CELÝ ZÁZNAM. Produkt 43750 (ceník ZR4) nebyl synchronizován. -> ALERT.
reconcile	UNKNOWN STEP	2026-08-27T14:30:10.2090749Z Kupón měl být discountCoupon=true/minPriceRatio=0.8400. Shoptet má CHYBÍ CELÝ ZÁZNAM. Produkt 43751 (ceník ZR4) nebyl synchronizován. -> ALERT.
reconcile	UNKNOWN STEP	2026-08-27T14:30:10.2092638Z Kupón měl být discountCoupon=true/minPriceRatio=0.8400. Shoptet má CHYBÍ CELÝ ZÁZNAM. Produkt 43752 (ceník ZR4) nebyl synchronizován. -> ALERT.
reconcile	UNKNOWN STEP	2026-08-27T14:30:10.2094350Z Kupón měl být discountCoupon=true/minPriceRatio=0.8400. Shoptet má CHYBÍ CELÝ ZÁZNAM. Produkt 46439 (ceník ZR4) nebyl synchronizován. -> ALERT.
reconcile	UNKNOWN STEP	2026-08-27T14:30:10.2096148Z Kupón měl být discountCoupon=true/minPriceRatio=0.8400. Shoptet má CHYBÍ CELÝ ZÁZNAM. Produkt 46443 (ceník ZR4) nebyl synchronizován. -> ALERT.
reconcile	UNKNOWN STEP	2026-08-27T14:30:10.2098049Z Kupón měl být discountCoupon=true/minPriceRatio=0.8400. Shoptet má CHYBÍ CELÝ ZÁZNAM. Produkt 46450 (ceník ZR4) nebyl synchronizován. -> ALERT.
reconcile	UNKNOWN STEP	2026-08-27T14:30:10.2099849Z Kupón měl být discountCoupon=true/minPriceRatio=0.8400. Shoptet má CHYBÍ CELÝ ZÁZNAM. Produkt 46452 (ceník ZR4) nebyl synchronizován. -> ALERT.
reconcile	UNKNOWN STEP	2026-08-27T14:30:10.2101654Z Kupón měl být discountCoupon=true/minPriceRatio=0.8400. Shoptet má CHYBÍ CELÝ ZÁZNAM. Produkt 46536 (ceník ZR4) nebyl synchronizován. -> ALERT.
reconcile	UNKNOWN STEP	2026-08-27T14:30:10.2103467Z Kupón měl být discountCoupon=true/minPriceRatio=0.8400. Shoptet má CHYBÍ CELÝ ZÁZNAM. Produkt 46537 (ceník ZR4) nebyl synchronizován. -> ALERT.
reconcile	UNKNOWN STEP	2026-08-27T14:30:10.2106205Z Kupón měl být discountCoupon=true/minPriceRatio=0.8400. Shoptet má CHYBÍ CELÝ ZÁZNAM. Produkt 46541 (ceník ZR4) nebyl synchronizován. -> ALERT.
reconcile	UNKNOWN STEP	2026-08-27T14:30:10.2107555Z Kupón měl být discountCoupon=true/minPriceRatio=0.8400. Shoptet má CHYBÍ CELÝ ZÁZNAM. Produkt 46543 (ceník ZR4) nebyl synchronizován. -> ALERT.
reconcile	UNKNOWN STEP	2026-08-27T14:30:10.2109050Z Kupón měl být discountCoupon=true/minPriceRatio=0.8400. Shoptet má CHYBÍ CELÝ ZÁZNAM. Produkt 46966 (ceník ZR4) nebyl synchronizován. -> ALERT.
reconcile	UNKNOWN STEP	2026-08-27T14:30:10.2110358Z Kupón měl být discountCoupon=true/minPriceRatio=0.8400. Shoptet má CHYBÍ CELÝ ZÁZNAM. Produkt 46973 (ceník ZR4) nebyl synchronizován. -> ALERT.
reconcile	UNKNOWN STEP	2026-08-27T14:30:10.2111448Z Kupón měl být discountCoupon=true/minPriceRatio=0.8400. Shoptet má CHYBÍ CELÝ ZÁZNAM. Produkt 47055 (ceník ZR4) nebyl synchronizován. -> ALERT.
reconcile	UNKNOWN STEP	2026-08-27T14:30:10.2112557Z Kupón měl být discountCoupon=true/minPriceRatio=0.8400. Shoptet má CHYBÍ CELÝ ZÁZNAM. Produkt 47171 (ceník ZR4) nebyl synchronizován. -> ALERT.
reconcile	UNKNOWN STEP	2026-08-27T14:30:10.2113678Z Kupón měl být discountCoupon=true/minPriceRatio=0.8400. Shoptet má CHYBÍ CELÝ ZÁZNAM. Produkt 47405 (ceník ZR4) nebyl synchronizován. -> ALERT.
reconcile	UNKNOWN STEP	2026-08-27T14:30:10.2114770Z Kupón měl být discountCoupon=true/minPriceRatio=0.8400. Shoptet má CHYBÍ CELÝ ZÁZNAM. Produkt 47406 (ceník ZR4) nebyl synchronizován. -> ALERT.
reconcile	UNKNOWN STEP	2026-08-27T14:30:10.2115849Z Kupón měl být discountCoupon=true/minPriceRatio=0.8400. Shoptet má CHYBÍ CELÝ ZÁZNAM. Produkt 47407 (ceník ZR4) nebyl synchronizován. -> ALERT.
reconcile	UNKNOWN STEP	2026-08-27T14:30:10.2116947Z Kupón měl být discountCoupon=true/minPriceRatio=0.8400. Shoptet má CHYBÍ CELÝ ZÁZNAM. Produkt 47408 (ceník ZR4) nebyl synchronizován. -> ALERT.
reconcile	UNKNOWN STEP	2026-08-27T14:30:10.2118407Z Kupón měl být discountCoupon=true/minPriceRatio=0.8400. Shoptet má CHYBÍ CELÝ ZÁZNAM. Produkt 47409 (ceník ZR4) nebyl synchronizován. -> ALERT.
reconcile	UNKNOWN STEP	2026-08-27T14:30:10.2119539Z Kupón měl být discountCoupon=true/minPriceRatio=0.8400. Shoptet má CHYBÍ CELÝ ZÁZNAM. Produkt 47410 (ceník ZR4) nebyl synchronizován. -> ALERT.
reconcile	UNKNOWN STEP	2026-08-27T14:30:10.2120620Z Kupón měl být discountCoupon=true/minPriceRatio=0.8400. Shoptet má CHYBÍ CELÝ ZÁZNAM. Produkt 47411 (ceník ZR4) nebyl synchronizován. -> ALERT.
reconcile	UNKNOWN STEP	2026-08-27T14:30:10.2121707Z Kupón měl být discountCoupon=true/minPriceRatio=0.8400. Shoptet má CHYBÍ CELÝ ZÁZNAM. Produkt 47412 (ceník ZR4) nebyl synchronizován. -> ALERT.
reconcile	UNKNOWN STEP	2026-08-27T14:30:10.2122795Z Kupón měl být discountCoupon=true/minPriceRatio=0.8400. Shoptet má CHYBÍ CELÝ ZÁZNAM. Produkt 47413 (ceník ZR4) nebyl synchronizován. -> ALERT.
reconcile	UNKNOWN STEP	2026-08-27T14:30:10.2123889Z Kupón měl být discountCoupon=true/minPriceRatio=0.8400. Shoptet má CHYBÍ CELÝ ZÁZNAM. Produkt 47414 (ceník ZR4) nebyl synchronizován. -> ALERT.
reconcile	UNKNOWN STEP	2026-08-27T14:30:10.2124976Z Kupón měl být discountCoupon=true/minPriceRatio=0.8400. Shoptet má CHYBÍ CELÝ ZÁZNAM. Produkt 47415 (ceník ZR4) nebyl synchronizován. -> ALERT.
reconcile	UNKNOWN STEP	2026-08-27T14:30:10.2126065Z Kupón měl být discountCoupon=true/minPriceRatio=0.8400. Shoptet má CHYBÍ CELÝ ZÁZNAM. Produkt 47416 (ceník ZR4) nebyl synchronizován. -> ALERT.
reconcile	UNKNOWN STEP	2026-08-27T14:30:10.2127154Z Kupón měl být discountCoupon=true/minPriceRatio=0.8400. Shoptet má CHYBÍ CELÝ ZÁZNAM. Produkt 50933 (ceník ZR4) nebyl synchronizován. -> ALERT.
reconcile	UNKNOWN STEP	2026-08-27T14:30:10.2128923Z Kupón měl být discountCoupon=true/minPriceRatio=0.8400. Shoptet má CHYBÍ CELÝ ZÁZNAM. Produkt 50934 (ceník ZR4) nebyl synchronizován. -> ALERT.
reconcile	UNKNOWN STEP	2026-08-27T14:30:10.2131496Z Kupón měl být discountCoupon=true/minPriceRatio=0.8400. Shoptet má CHYBÍ CELÝ ZÁZNAM. Produkt 50935 (ceník ZR4) nebyl synchronizován. -> ALERT.
reconcile	UNKNOWN STEP	2026-08-27T14:30:10.2133447Z Kupón měl být discountCoupon=true/minPriceRatio=0.8400. Shoptet má CHYBÍ CELÝ ZÁZNAM. Produkt 50936 (ceník ZR4) nebyl synchronizován. -> ALERT.
reconcile	UNKNOWN STEP	2026-08-27T14:30:10.2135191Z Kupón měl být discountCoupon=true/minPriceRatio=0.8400. Shoptet má CHYBÍ CELÝ ZÁZNAM. Produkt 50937 (ceník ZR4) nebyl synchronizován. -> ALERT.
reconcile	UNKNOWN STEP	2026-08-27T14:30:10.2137244Z Kupón měl být discountCoupon=true/minPriceRatio=0.8400. Shoptet má CHYBÍ CELÝ ZÁZNAM. Produkt 50938 (ceník ZR4) nebyl synchronizován. -> ALERT.
reconcile	UNKNOWN STEP	2026-08-27T14:30:10.2139301Z Kupón měl být discountCoupon=true/minPriceRatio=0.8400. Shoptet má CHYBÍ CELÝ ZÁZNAM. Produkt 50940 (ceník ZR4) nebyl synchronizován. -> ALERT.
reconcile	UNKNOWN STEP	2026-08-27T14:30:10.2140967Z Kupón měl být discountCoupon=true/minPriceRatio=0.9400. Shoptet má CHYBÍ CELÝ ZÁZNAM. Produkt 55907 (ceník ZR4) nebyl synchronizován. -> ALERT.
reconcile	UNKNOWN STEP	2026-08-27T14:30:10.2142812Z Kupón měl být discountCoupon=false/minPriceRatio=1.0000. Shoptet má CHYBÍ CELÝ ZÁZNAM. Produkt 55908 (ceník ZR4) nebyl synchronizován. -> ALERT.
reconcile	UNKNOWN STEP	2026-08-27T14:30:10.2144911Z Kupón měl být discountCoupon=true/minPriceRatio=0.9400. Shoptet má CHYBÍ CELÝ ZÁZNAM. Produkt 55909 (ceník ZR4) nebyl synchronizován. -> ALERT.
reconcile	UNKNOWN STEP	2026-08-27T14:30:10.2146624Z Kupón měl být discountCoupon=true/minPriceRatio=0.9400. Shoptet má CHYBÍ CELÝ ZÁZNAM. Produkt 55910 (ceník ZR4) nebyl synchronizován. -> ALERT.
reconcile	UNKNOWN STEP	2026-08-27T14:30:10.2148663Z Kupón měl být discountCoupon=true/minPriceRatio=0.9400. Shoptet má CHYBÍ CELÝ ZÁZNAM. Produkt 55911 (ceník ZR4) nebyl synchronizován. -> ALERT.
reconcile	UNKNOWN STEP	2026-08-27T14:30:10.2150599Z Kupón měl být discountCoupon=false/minPriceRatio=1.0000. Shoptet má CHYBÍ CELÝ ZÁZNAM. Produkt 56328 (ceník ZR4) nebyl synchronizován. -> ALERT.
reconcile	UNKNOWN STEP	2026-08-27T14:30:10.2152517Z Kupón měl být discountCoupon=true/minPriceRatio=0.9400. Shoptet má CHYBÍ CELÝ ZÁZNAM. Produkt 56329 (ceník ZR4) nebyl synchronizován. -> ALERT.
reconcile	UNKNOWN STEP	2026-08-27T14:30:10.2154403Z Kupón měl být discountCoupon=true/minPriceRatio=0.9400. Shoptet má CHYBÍ CELÝ ZÁZNAM. Produkt 56330 (ceník ZR4) nebyl synchronizován. -> ALERT.
reconcile	UNKNOWN STEP	2026-08-27T14:30:10.2156198Z Kupón měl být discountCoupon=true/minPriceRatio=0.9400. Shoptet má CHYBÍ CELÝ ZÁZNAM. Produkt 56331 (ceník ZR4) nebyl synchronizován. -> ALERT.
reconcile	UNKNOWN STEP	2026-08-27T14:30:10.2158260Z Kupón měl být discountCoupon=true/minPriceRatio=0.8400. Shoptet má CHYBÍ CELÝ ZÁZNAM. Produkt 58787 (ceník ZR4) nebyl synchronizován. -> ALERT.
reconcile	UNKNOWN STEP	2026-08-27T14:30:10.2159962Z Kupón měl být discountCoupon=true/minPriceRatio=0.8400. Shoptet má CHYBÍ CELÝ ZÁZNAM. Produkt 59721 (ceník ZR4) nebyl synchronizován. -> ALERT.
reconcile	UNKNOWN STEP	2026-08-27T14:30:10.2161684Z Kupón měl být discountCoupon=true/minPriceRatio=0.8400. Shoptet má CHYBÍ CELÝ ZÁZNAM. Produkt 59724 (ceník ZR4) nebyl synchronizován. -> ALERT.
reconcile	UNKNOWN STEP	2026-08-27T14:30:10.2163451Z Kupón měl být discountCoupon=true/minPriceRatio=0.8400. Shoptet má CHYBÍ CELÝ ZÁZNAM. Produkt 62362 (ceník ZR4) nebyl synchronizován. -> ALERT.
reconcile	UNKNOWN STEP	2026-08-27T14:30:10.2165293Z Kupón měl být discountCoupon=true/minPriceRatio=0.8400. Shoptet má CHYBÍ CELÝ ZÁZNAM. Produkt 64579 (ceník ZR4) nebyl synchronizován. -> ALERT.
reconcile	UNKNOWN STEP	2026-08-27T14:30:10.2167104Z Kupón měl být discountCoupon=true/minPriceRatio=0.8400. Shoptet má CHYBÍ CELÝ ZÁZNAM. Produkt 64581 (ceník ZR4) nebyl synchronizován. -> ALERT.
reconcile	UNKNOWN STEP	2026-08-27T14:30:10.2169278Z Kupón měl být discountCoupon=true/minPriceRatio=0.8400. Shoptet má CHYBÍ CELÝ ZÁZNAM. Produkt 64582 (ceník ZR4) nebyl synchronizován. -> ALERT.
reconcile	UNKNOWN STEP	2026-08-27T14:30:10.2171058Z Kupón měl být discountCoupon=true/minPriceRatio=0.8400. Shoptet má CHYBÍ CELÝ ZÁZNAM. Produkt 65804 (ceník ZR4) nebyl synchronizován. -> ALERT.
reconcile	UNKNOWN STEP	2026-08-27T14:30:10.2172789Z Kupón měl být discountCoupon=true/minPriceRatio=0.8400. Shoptet má CHYBÍ CELÝ ZÁZNAM. Produkt 65806 (ceník ZR4) nebyl synchronizován. -> ALERT.
reconcile	UNKNOWN STEP	2026-08-27T14:30:10.2174537Z Kupón měl být discountCoupon=true/minPriceRatio=0.8400. Shoptet má CHYBÍ CELÝ ZÁZNAM. Produkt 65807 (ceník ZR4) nebyl synchronizován. -> ALERT.
reconcile	UNKNOWN STEP	2026-08-27T14:30:10.2176342Z Kupón měl být discountCoupon=true/minPriceRatio=0.8400. Shoptet má CHYBÍ CELÝ ZÁZNAM. Produkt 65808 (ceník ZR4) nebyl synchronizován. -> ALERT.
reconcile	UNKNOWN STEP	2026-08-27T14:30:10.2178470Z Kupón měl být discountCoupon=true/minPriceRatio=0.8400. Shoptet má CHYBÍ CELÝ ZÁZNAM. Produkt 65809 (ceník ZR4) nebyl synchronizován. -> ALERT.
reconcile	UNKNOWN STEP	2026-08-27T14:30:10.2180227Z Kupón měl být discountCoupon=true/minPriceRatio=0.8400. Shoptet má CHYBÍ CELÝ ZÁZNAM. Produkt 65810 (ceník ZR4) nebyl synchronizován. -> ALERT.
reconcile	UNKNOWN STEP	2026-08-27T14:30:10.2182398Z Kupón měl být discountCoupon=true/minPriceRatio=0.8400. Shoptet má CHYBÍ CELÝ ZÁZNAM. Produkt 66756 (ceník ZR4) nebyl synchronizován. -> ALERT.
reconcile	UNKNOWN STEP	2026-08-27T14:30:10.2184395Z Kupón měl být discountCoupon=true/minPriceRatio=0.8400. Shoptet má CHYBÍ CELÝ ZÁZNAM. Produkt 66783 (ceník ZR4) nebyl synchronizován. -> ALERT.
reconcile	UNKNOWN STEP	2026-08-27T14:30:10.2186323Z Kupón měl být discountCoupon=true/minPriceRatio=0.8400. Shoptet má CHYBÍ CELÝ ZÁZNAM. Produkt 66789 (ceník ZR4) nebyl synchronizován. -> ALERT.
reconcile	UNKNOWN STEP	2026-08-27T14:30:10.2188850Z Kupón měl být discountCoupon=true/minPriceRatio=0.8400. Shoptet má CHYBÍ CELÝ ZÁZNAM. Produkt 68181 (ceník ZR4) nebyl synchronizován. -> ALERT.
reconcile	UNKNOWN STEP	2026-08-27T14:30:10.2191220Z Kupón měl být discountCoupon=true/minPriceRatio=0.8897. Shoptet má CHYBÍ CELÝ ZÁZNAM. Produkt 68182 (ceník ZR4) nebyl synchronizován. -> ALERT.
reconcile	UNKNOWN STEP	2026-08-27T14:30:10.2193167Z Kupón měl být discountCoupon=true/minPriceRatio=0.8885. Shoptet má CHYBÍ CELÝ ZÁZNAM. Produkt 68309 (ceník ZR4) nebyl synchronizován. -> ALERT.
reconcile	UNKNOWN STEP	2026-08-27T14:30:10.2195155Z Kupón měl být discountCoupon=true/minPriceRatio=0.8400. Shoptet má CHYBÍ CELÝ ZÁZNAM. Produkt 68313 (ceník ZR4) nebyl synchronizován. -> ALERT.
reconcile	UNKNOWN STEP	2026-08-27T14:30:10.2197118Z Kupón měl být discountCoupon=true/minPriceRatio=0.8400. Shoptet má CHYBÍ CELÝ ZÁZNAM. Produkt 68319 (ceník ZR4) nebyl synchronizován. -> ALERT.
reconcile	UNKNOWN STEP	2026-08-27T14:30:10.2199404Z Kupón měl být discountCoupon=true/minPriceRatio=0.8901. Shoptet má CHYBÍ CELÝ ZÁZNAM. Produkt 68521 (ceník ZR4) nebyl synchronizován. -> ALERT.
reconcile	UNKNOWN STEP	2026-08-27T14:30:10.2201345Z Kupón měl být discountCoupon=true/minPriceRatio=0.8400. Shoptet má CHYBÍ CELÝ ZÁZNAM. Produkt 68522 (ceník ZR4) nebyl synchronizován. -> ALERT.
reconcile	UNKNOWN STEP	2026-08-27T14:30:10.2203307Z Kupón měl být discountCoupon=true/minPriceRatio=0.8400. Shoptet má CHYBÍ CELÝ ZÁZNAM. Produkt 68523 (ceník ZR4) nebyl synchronizován. -> ALERT.
reconcile	UNKNOWN STEP	2026-08-27T14:30:10.2205236Z Kupón měl být discountCoupon=true/minPriceRatio=0.8400. Shoptet má CHYBÍ CELÝ ZÁZNAM. Produkt 68524 (ceník ZR4) nebyl synchronizován. -> ALERT.
reconcile	UNKNOWN STEP	2026-08-27T14:30:10.2207170Z Kupón měl být discountCoupon=true/minPriceRatio=0.8400. Shoptet má CHYBÍ CELÝ ZÁZNAM. Produkt 77666 (ceník ZR4) nebyl synchronizován. -> ALERT.
reconcile	UNKNOWN STEP	2026-08-27T14:30:10.2209389Z Kupón měl být discountCoupon=true/minPriceRatio=0.8400. Shoptet má CHYBÍ CELÝ ZÁZNAM. Produkt 77668 (ceník ZR4) nebyl synchronizován. -> ALERT.
reconcile	UNKNOWN STEP	2026-08-27T14:30:10.2211323Z Kupón měl být discountCoupon=true/minPriceRatio=0.8400. Shoptet má CHYBÍ CELÝ ZÁZNAM. Produkt 77669 (ceník ZR4) nebyl synchronizován. -> ALERT.
reconcile	UNKNOWN STEP	2026-08-27T14:30:10.2213230Z Kupón měl být discountCoupon=true/minPriceRatio=0.8400. Shoptet má CHYBÍ CELÝ ZÁZNAM. Produkt 77670 (ceník ZR4) nebyl synchronizován. -> ALERT.
reconcile	UNKNOWN STEP	2026-08-27T14:30:10.2217037Z Kupón měl být discountCoupon=true/minPriceRatio=0.8400. Shoptet má CHYBÍ CELÝ ZÁZNAM. Produkt 77671 (ceník ZR4) nebyl synchronizován. -> ALERT.
reconcile	UNKNOWN STEP	2026-08-27T14:30:10.2219159Z Kupón měl být discountCoupon=true/minPriceRatio=0.8400. Shoptet má CHYBÍ CELÝ ZÁZNAM. Produkt 77672 (ceník ZR4) nebyl synchronizován. -> ALERT.
reconcile	UNKNOWN STEP	2026-08-27T14:30:10.2220983Z Kupón měl být discountCoupon=true/minPriceRatio=0.8400. Shoptet má CHYBÍ CELÝ ZÁZNAM. Produkt 77673 (ceník ZR4) nebyl synchronizován. -> ALERT.
reconcile	UNKNOWN STEP	2026-08-27T14:30:10.2222693Z Kupón měl být discountCoupon=true/minPriceRatio=0.8400. Shoptet má CHYBÍ CELÝ ZÁZNAM. Produkt 77674 (ceník ZR4) nebyl synchronizován. -> ALERT.
reconcile	UNKNOWN STEP	2026-08-27T14:30:10.2224843Z Kupón měl být discountCoupon=true/minPriceRatio=0.8400. Shoptet má CHYBÍ CELÝ ZÁZNAM. Produkt 77825 (ceník ZR4) nebyl synchronizován. -> ALERT.
reconcile	UNKNOWN STEP	2026-08-27T14:30:10.2227171Z Kupón měl být discountCoupon=true/minPriceRatio=0.8400. Shoptet má CHYBÍ CELÝ ZÁZNAM. Produkt 77840 (ceník ZR4) nebyl synchronizován. -> ALERT.
reconcile	UNKNOWN STEP	2026-08-27T14:30:10.2229459Z Kupón měl být discountCoupon=true/minPriceRatio=0.8400. Shoptet má CHYBÍ CELÝ ZÁZNAM. Produkt 77841 (ceník ZR4) nebyl synchronizován. -> ALERT.
reconcile	UNKNOWN STEP	2026-08-27T14:30:10.2232083Z Kupón měl být discountCoupon=true/minPriceRatio=0.8400. Shoptet má CHYBÍ CELÝ ZÁZNAM. Produkt 77842 (ceník ZR4) nebyl synchronizován. -> ALERT.
reconcile	UNKNOWN STEP	2026-08-27T14:30:10.2234616Z Kupón měl být discountCoupon=true/minPriceRatio=0.8400. Shoptet má CHYBÍ CELÝ ZÁZNAM. Produkt 77843 (ceník ZR4) nebyl synchronizován. -> ALERT.
reconcile	UNKNOWN STEP	2026-08-27T14:30:10.2236424Z Kupón měl být discountCoupon=true/minPriceRatio=0.8400. Shoptet má CHYBÍ CELÝ ZÁZNAM. Produkt 77844 (ceník ZR4) nebyl synchronizován. -> ALERT.
reconcile	UNKNOWN STEP	2026-08-27T14:30:10.2240305Z Kupón měl být discountCoupon=true/minPriceRatio=0.8400. Shoptet má CHYBÍ CELÝ ZÁZNAM. Produkt 77853 (ceník ZR4) nebyl synchronizován. -> ALERT.
reconcile	UNKNOWN STEP	2026-08-27T14:30:10.2242456Z Kupón měl být discountCoupon=true/minPriceRatio=0.8400. Shoptet má CHYBÍ CELÝ ZÁZNAM. Produkt 77855 (ceník ZR4) nebyl synchronizován. -> ALERT.
reconcile	UNKNOWN STEP	2026-08-27T14:30:10.2244408Z Kupón měl být discountCoupon=true/minPriceRatio=0.8400. Shoptet má CHYBÍ CELÝ ZÁZNAM. Produkt 77856 (ceník ZR4) nebyl synchronizován. -> ALERT.
reconcile	UNKNOWN STEP	2026-08-27T14:30:10.2246326Z Kupón měl být discountCoupon=true/minPriceRatio=0.8400. Shoptet má CHYBÍ CELÝ ZÁZNAM. Produkt 77857 (ceník ZR4) nebyl synchronizován. -> ALERT.
reconcile	UNKNOWN STEP	2026-08-27T14:30:10.2248874Z Kupón měl být discountCoupon=true/minPriceRatio=0.8400. Shoptet má CHYBÍ CELÝ ZÁZNAM. Produkt 77858 (ceník ZR4) nebyl synchronizován. -> ALERT.
reconcile	UNKNOWN STEP	2026-08-27T14:30:10.2250932Z Kupón měl být discountCoupon=true/minPriceRatio=0.8400. Shoptet má CHYBÍ CELÝ ZÁZNAM. Produkt 77859 (ceník ZR4) nebyl synchronizován. -> ALERT.
reconcile	UNKNOWN STEP	2026-08-27T14:30:10.2252796Z Kupón měl být discountCoupon=true/minPriceRatio=0.8400. Shoptet má CHYBÍ CELÝ ZÁZNAM. Produkt 77860 (ceník ZR4) nebyl synchronizován. -> ALERT.
reconcile	UNKNOWN STEP	2026-08-27T14:30:10.2254655Z Kupón měl být discountCoupon=true/minPriceRatio=0.8400. Shoptet má CHYBÍ CELÝ ZÁZNAM. Produkt 77864 (ceník ZR4) nebyl synchronizován. -> ALERT.
reconcile	UNKNOWN STEP	2026-08-27T14:30:10.2256461Z Kupón měl být discountCoupon=true/minPriceRatio=0.8400. Shoptet má CHYBÍ CELÝ ZÁZNAM. Produkt 77868 (ceník ZR4) nebyl synchronizován. -> ALERT.
reconcile	UNKNOWN STEP	2026-08-27T14:30:10.2258621Z Kupón měl být discountCoupon=true/minPriceRatio=0.8400. Shoptet má CHYBÍ CELÝ ZÁZNAM. Produkt 77870 (ceník ZR4) nebyl synchronizován. -> ALERT.
reconcile	UNKNOWN STEP	2026-08-27T14:30:10.2260509Z Kupón měl být discountCoupon=true/minPriceRatio=0.8400. Shoptet má CHYBÍ CELÝ ZÁZNAM. Produkt 77871 (ceník ZR4) nebyl synchronizován. -> ALERT.
reconcile	UNKNOWN STEP	2026-08-27T14:30:10.2262374Z Kupón měl být discountCoupon=true/minPriceRatio=0.8400. Shoptet má CHYBÍ CELÝ ZÁZNAM. Produkt 77872 (ceník ZR4) nebyl synchronizován. -> ALERT.
reconcile	UNKNOWN STEP	2026-08-27T14:30:10.2264511Z Kupón měl být discountCoupon=true/minPriceRatio=0.8400. Shoptet má CHYBÍ CELÝ ZÁZNAM. Produkt 79234 (ceník ZR4) nebyl synchronizován. -> ALERT.
reconcile	UNKNOWN STEP	2026-08-27T14:30:10.2266437Z Kupón měl být discountCoupon=true/minPriceRatio=0.8400. Shoptet má CHYBÍ CELÝ ZÁZNAM. Produkt 79236 (ceník ZR4) nebyl synchronizován. -> ALERT.
reconcile	UNKNOWN STEP	2026-08-27T14:30:10.2268446Z Kupón měl být discountCoupon=true/minPriceRatio=0.8400. Shoptet má CHYBÍ CELÝ ZÁZNAM. Produkt 88595 (ceník ZR4) nebyl synchronizován. -> ALERT.
reconcile	UNKNOWN STEP	2026-08-27T14:30:10.2269833Z Kupón měl být discountCoupon=true/minPriceRatio=0.8400. Shoptet má CHYBÍ CELÝ ZÁZNAM. Produkt 88596 (ceník ZR4) nebyl synchronizován. -> ALERT.
reconcile	UNKNOWN STEP	2026-08-27T14:30:10.2270986Z Kupón měl být discountCoupon=true/minPriceRatio=0.8400. Shoptet má CHYBÍ CELÝ ZÁZNAM. Produkt 88598 (ceník ZR4) nebyl synchronizován. -> ALERT.
reconcile	UNKNOWN STEP	2026-08-27T14:30:10.2272126Z Kupón měl být discountCoupon=true/minPriceRatio=0.8400. Shoptet má CHYBÍ CELÝ ZÁZNAM. Produkt 88762 (ceník ZR4) nebyl synchronizován. -> ALERT.
reconcile	UNKNOWN STEP	2026-08-27T14:30:10.2273225Z Kupón měl být discountCoupon=true/minPriceRatio=0.8400. Shoptet má CHYBÍ CELÝ ZÁZNAM. Produkt 88872 (ceník ZR4) nebyl synchronizován. -> ALERT.
reconcile	UNKNOWN STEP	2026-08-27T14:30:10.2274520Z Kupón měl být discountCoupon=true/minPriceRatio=0.8400. Shoptet má CHYBÍ CELÝ ZÁZNAM. Produkt 88875 (ceník ZR4) nebyl synchronizován. -> ALERT.
reconcile	UNKNOWN STEP	2026-08-27T14:30:10.2275629Z Kupón měl být discountCoupon=true/minPriceRatio=0.8400. Shoptet má CHYBÍ CELÝ ZÁZNAM. Produkt 97054 (ceník ZR4) nebyl synchronizován. -> ALERT.
reconcile	UNKNOWN STEP	2026-08-27T14:30:10.2276780Z Kupón měl být discountCoupon=true/minPriceRatio=0.8400. Shoptet má CHYBÍ CELÝ ZÁZNAM. Produkt 97173 (ceník ZR4) nebyl synchronizován. -> ALERT.
reconcile	UNKNOWN STEP	2026-08-27T14:30:10.2278343Z Kupón měl být discountCoupon=true/minPriceRatio=0.8400. Shoptet má CHYBÍ CELÝ ZÁZNAM. Produkt 97176 (ceník ZR4) nebyl synchronizován. -> ALERT.
reconcile	UNKNOWN STEP	2026-08-27T14:30:10.2279601Z Kupón měl být discountCoupon=true/minPriceRatio=0.8400. Shoptet má CHYBÍ CELÝ ZÁZNAM. Produkt 97177 (ceník ZR4) nebyl synchronizován. -> ALERT.
reconcile	UNKNOWN STEP	2026-08-27T14:30:10.2280698Z Kupón měl být discountCoupon=true/minPriceRatio=0.8400. Shoptet má CHYBÍ CELÝ ZÁZNAM. Produkt 97290 (ceník ZR4) nebyl synchronizován. -> ALERT.
reconcile	UNKNOWN STEP	2026-08-27T14:30:10.2281806Z Kupón měl být discountCoupon=true/minPriceRatio=0.8400. Shoptet má CHYBÍ CELÝ ZÁZNAM. Produkt 97629 (ceník ZR4) nebyl synchronizován. -> ALERT.
reconcile	UNKNOWN STEP	2026-08-27T14:30:10.2282894Z Kupón měl být discountCoupon=true/minPriceRatio=0.8400. Shoptet má CHYBÍ CELÝ ZÁZNAM. Produkt 97630 (ceník ZR4) nebyl synchronizován. -> ALERT.
reconcile	UNKNOWN STEP	2026-08-27T14:30:10.2284013Z Kupón měl být discountCoupon=true/minPriceRatio=0.8600. Shoptet má CHYBÍ CELÝ ZÁZNAM. Produkt 100464 (ceník ZR6) nebyl synchronizován. -> ALERT.
reconcile	UNKNOWN STEP	2026-08-27T14:30:10.2285149Z Kupón měl být discountCoupon=true/minPriceRatio=0.8600. Shoptet má CHYBÍ CELÝ ZÁZNAM. Produkt 100465 (ceník ZR6) nebyl synchronizován. -> ALERT.
reconcile	UNKNOWN STEP	2026-08-27T14:30:10.2286272Z Kupón měl být discountCoupon=true/minPriceRatio=0.8600. Shoptet má CHYBÍ CELÝ ZÁZNAM. Produkt 100467 (ceník ZR6) nebyl synchronizován. -> ALERT.
reconcile	UNKNOWN STEP	2026-08-27T14:30:10.2287376Z Kupón měl být discountCoupon=true/minPriceRatio=0.8600. Shoptet má CHYBÍ CELÝ ZÁZNAM. Produkt 100468 (ceník ZR6) nebyl synchronizován. -> ALERT.
reconcile	UNKNOWN STEP	2026-08-27T14:30:10.2288814Z Kupón měl být discountCoupon=true/minPriceRatio=0.8600. Shoptet má CHYBÍ CELÝ ZÁZNAM. Produkt 100469 (ceník ZR6) nebyl synchronizován. -> ALERT.
reconcile	UNKNOWN STEP	2026-08-27T14:30:10.2289910Z Kupón měl být discountCoupon=true/minPriceRatio=0.8600. Shoptet má CHYBÍ CELÝ ZÁZNAM. Produkt 100580 (ceník ZR6) nebyl synchronizován. -> ALERT.
reconcile	UNKNOWN STEP	2026-08-27T14:30:10.2291019Z Kupón měl být discountCoupon=true/minPriceRatio=0.8600. Shoptet má CHYBÍ CELÝ ZÁZNAM. Produkt 100594 (ceník ZR6) nebyl synchronizován. -> ALERT.
reconcile	UNKNOWN STEP	2026-08-27T14:30:10.2292117Z Kupón měl být discountCoupon=true/minPriceRatio=0.8600. Shoptet má CHYBÍ CELÝ ZÁZNAM. Produkt 100595 (ceník ZR6) nebyl synchronizován. -> ALERT.
reconcile	UNKNOWN STEP	2026-08-27T14:30:10.2293215Z Kupón měl být discountCoupon=true/minPriceRatio=0.8600. Shoptet má CHYBÍ CELÝ ZÁZNAM. Produkt 100597 (ceník ZR6) nebyl synchronizován. -> ALERT.
reconcile	UNKNOWN STEP	2026-08-27T14:30:10.2294309Z Kupón měl být discountCoupon=true/minPriceRatio=0.8600. Shoptet má CHYBÍ CELÝ ZÁZNAM. Produkt 100598 (ceník ZR6) nebyl synchronizován. -> ALERT.
reconcile	UNKNOWN STEP	2026-08-27T14:30:10.2295410Z Kupón měl být discountCoupon=true/minPriceRatio=0.8600. Shoptet má CHYBÍ CELÝ ZÁZNAM. Produkt 100599 (ceník ZR6) nebyl synchronizován. -> ALERT.
reconcile	UNKNOWN STEP	2026-08-27T14:30:10.2296508Z Kupón měl být discountCoupon=true/minPriceRatio=0.8600. Shoptet má CHYBÍ CELÝ ZÁZNAM. Produkt 100659 (ceník ZR6) nebyl synchronizován. -> ALERT.
reconcile	UNKNOWN STEP	2026-08-27T14:30:10.2297971Z Kupón měl být discountCoupon=true/minPriceRatio=0.8600. Shoptet má CHYBÍ CELÝ ZÁZNAM. Produkt 100769 (ceník ZR6) nebyl synchronizován. -> ALERT.
reconcile	UNKNOWN STEP	2026-08-27T14:30:10.2299374Z Kupón měl být discountCoupon=true/minPriceRatio=0.8600. Shoptet má CHYBÍ CELÝ ZÁZNAM. Produkt 100770 (ceník ZR6) nebyl synchronizován. -> ALERT.
reconcile	UNKNOWN STEP	2026-08-27T14:30:10.2300532Z Kupón měl být discountCoupon=true/minPriceRatio=0.8600. Shoptet má CHYBÍ CELÝ ZÁZNAM. Produkt 100771 (ceník ZR6) nebyl synchronizován. -> ALERT.
reconcile	UNKNOWN STEP	2026-08-27T14:30:10.2301704Z Kupón měl být discountCoupon=true/minPriceRatio=0.8600. Shoptet má CHYBÍ CELÝ ZÁZNAM. Produkt 100772 (ceník ZR6) nebyl synchronizován. -> ALERT.
reconcile	UNKNOWN STEP	2026-08-27T14:30:10.2302974Z Kupón měl být discountCoupon=true/minPriceRatio=0.8600. Shoptet má CHYBÍ CELÝ ZÁZNAM. Produkt 100773 (ceník ZR6) nebyl synchronizován. -> ALERT.
reconcile	UNKNOWN STEP	2026-08-27T14:30:10.2304069Z Kupón měl být discountCoupon=true/minPriceRatio=0.8600. Shoptet má CHYBÍ CELÝ ZÁZNAM. Produkt 100774 (ceník ZR6) nebyl synchronizován. -> ALERT.
reconcile	UNKNOWN STEP	2026-08-27T14:30:10.2305184Z Kupón měl být discountCoupon=true/minPriceRatio=0.8600. Shoptet má CHYBÍ CELÝ ZÁZNAM. Produkt 101591 (ceník ZR6) nebyl synchronizován. -> ALERT.
reconcile	UNKNOWN STEP	2026-08-27T14:30:10.2306279Z Kupón měl být discountCoupon=true/minPriceRatio=0.8600. Shoptet má CHYBÍ CELÝ ZÁZNAM. Produkt 101594 (ceník ZR6) nebyl synchronizován. -> ALERT.
reconcile	UNKNOWN STEP	2026-08-27T14:30:10.2307376Z Kupón měl být discountCoupon=true/minPriceRatio=0.8600. Shoptet má CHYBÍ CELÝ ZÁZNAM. Produkt 101816 (ceník ZR6) nebyl synchronizován. -> ALERT.
reconcile	UNKNOWN STEP	2026-08-27T14:30:10.2308755Z Kupón měl být discountCoupon=true/minPriceRatio=0.8600. Shoptet má CHYBÍ CELÝ ZÁZNAM. Produkt 101817 (ceník ZR6) nebyl synchronizován. -> ALERT.
reconcile	UNKNOWN STEP	2026-08-27T14:30:10.2309875Z Kupón měl být discountCoupon=true/minPriceRatio=0.8600. Shoptet má CHYBÍ CELÝ ZÁZNAM. Produkt 101818 (ceník ZR6) nebyl synchronizován. -> ALERT.
reconcile	UNKNOWN STEP	2026-08-27T14:30:10.2310971Z Kupón měl být discountCoupon=true/minPriceRatio=0.8600. Shoptet má CHYBÍ CELÝ ZÁZNAM. Produkt 104257 (ceník ZR6) nebyl synchronizován. -> ALERT.
reconcile	UNKNOWN STEP	2026-08-27T14:30:10.2312075Z Kupón měl být discountCoupon=true/minPriceRatio=0.9600. Shoptet má CHYBÍ CELÝ ZÁZNAM. Produkt 109021 (ceník ZR6) nebyl synchronizován. -> ALERT.
reconcile	UNKNOWN STEP	2026-08-27T14:30:10.2313175Z Kupón měl být discountCoupon=true/minPriceRatio=0.9600. Shoptet má CHYBÍ CELÝ ZÁZNAM. Produkt 109023 (ceník ZR6) nebyl synchronizován. -> ALERT.
reconcile	UNKNOWN STEP	2026-08-27T14:30:10.2314263Z Kupón měl být discountCoupon=true/minPriceRatio=0.8600. Shoptet má CHYBÍ CELÝ ZÁZNAM. Produkt 110001 (ceník ZR6) nebyl synchronizován. -> ALERT.
reconcile	UNKNOWN STEP	2026-08-27T14:30:10.2315377Z Kupón měl být discountCoupon=true/minPriceRatio=0.8600. Shoptet má CHYBÍ CELÝ ZÁZNAM. Produkt 110002 (ceník ZR6) nebyl synchronizován. -> ALERT.
reconcile	UNKNOWN STEP	2026-08-27T14:30:10.2316475Z Kupón měl být discountCoupon=true/minPriceRatio=0.8600. Shoptet má CHYBÍ CELÝ ZÁZNAM. Produkt 110007 (ceník ZR6) nebyl synchronizován. -> ALERT.
reconcile	UNKNOWN STEP	2026-08-27T14:30:10.2317762Z Kupón měl být discountCoupon=true/minPriceRatio=0.8600. Shoptet má CHYBÍ CELÝ ZÁZNAM. Produkt 110009 (ceník ZR6) nebyl synchronizován. -> ALERT.
reconcile	UNKNOWN STEP	2026-08-27T14:30:10.2318883Z Kupón měl být discountCoupon=true/minPriceRatio=0.8600. Shoptet má CHYBÍ CELÝ ZÁZNAM. Produkt 110010 (ceník ZR6) nebyl synchronizován. -> ALERT.
reconcile	UNKNOWN STEP	2026-08-27T14:30:10.2319973Z Kupón měl být discountCoupon=true/minPriceRatio=0.8600. Shoptet má CHYBÍ CELÝ ZÁZNAM. Produkt 110012 (ceník ZR6) nebyl synchronizován. -> ALERT.
reconcile	UNKNOWN STEP	2026-08-27T14:30:10.2321071Z Kupón měl být discountCoupon=true/minPriceRatio=0.8600. Shoptet má CHYBÍ CELÝ ZÁZNAM. Produkt 110014 (ceník ZR6) nebyl synchronizován. -> ALERT.
reconcile	UNKNOWN STEP	2026-08-27T14:30:10.2322174Z Kupón měl být discountCoupon=true/minPriceRatio=0.8600. Shoptet má CHYBÍ CELÝ ZÁZNAM. Produkt 110015 (ceník ZR6) nebyl synchronizován. -> ALERT.
reconcile	UNKNOWN STEP	2026-08-27T14:30:10.2323267Z Kupón měl být discountCoupon=true/minPriceRatio=0.8600. Shoptet má CHYBÍ CELÝ ZÁZNAM. Produkt 110016 (ceník ZR6) nebyl synchronizován. -> ALERT.
reconcile	UNKNOWN STEP	2026-08-27T14:30:10.2324513Z Kupón měl být discountCoupon=true/minPriceRatio=0.8600. Shoptet má CHYBÍ CELÝ ZÁZNAM. Produkt 110017 (ceník ZR6) nebyl synchronizován. -> ALERT.
reconcile	UNKNOWN STEP	2026-08-27T14:30:10.2325619Z Kupón měl být discountCoupon=true/minPriceRatio=0.8600. Shoptet má CHYBÍ CELÝ ZÁZNAM. Produkt 110019 (ceník ZR6) nebyl synchronizován. -> ALERT.
reconcile	UNKNOWN STEP	2026-08-27T14:30:10.2326708Z Kupón měl být discountCoupon=true/minPriceRatio=0.8600. Shoptet má CHYBÍ CELÝ ZÁZNAM. Produkt 110020 (ceník ZR6) nebyl synchronizován. -> ALERT.
reconcile	UNKNOWN STEP	2026-08-27T14:30:10.2328070Z Kupón měl být discountCoupon=true/minPriceRatio=0.8600. Shoptet má CHYBÍ CELÝ ZÁZNAM. Produkt 110021 (ceník ZR6) nebyl synchronizován. -> ALERT.
reconcile	UNKNOWN STEP	2026-08-27T14:30:10.2329327Z Kupón měl být discountCoupon=true/minPriceRatio=0.8600. Shoptet má CHYBÍ CELÝ ZÁZNAM. Produkt 110022 (ceník ZR6) nebyl synchronizován. -> ALERT.
reconcile	UNKNOWN STEP	2026-08-27T14:30:10.2330464Z Kupón měl být discountCoupon=true/minPriceRatio=0.8600. Shoptet má CHYBÍ CELÝ ZÁZNAM. Produkt 110023 (ceník ZR6) nebyl synchronizován. -> ALERT.
reconcile	UNKNOWN STEP	2026-08-27T14:30:10.2331606Z Kupón měl být discountCoupon=true/minPriceRatio=0.8600. Shoptet má CHYBÍ CELÝ ZÁZNAM. Produkt 110024 (ceník ZR6) nebyl synchronizován. -> ALERT.
reconcile	UNKNOWN STEP	2026-08-27T14:30:10.2332728Z Kupón měl být discountCoupon=true/minPriceRatio=0.8600. Shoptet má CHYBÍ CELÝ ZÁZNAM. Produkt 110036 (ceník ZR6) nebyl synchronizován. -> ALERT.
reconcile	UNKNOWN STEP	2026-08-27T14:30:10.2334060Z Kupón měl být discountCoupon=true/minPriceRatio=0.8600. Shoptet má CHYBÍ CELÝ ZÁZNAM. Produkt 110037 (ceník ZR6) nebyl synchronizován. -> ALERT.
reconcile	UNKNOWN STEP	2026-08-27T14:30:10.2335303Z Kupón měl být discountCoupon=true/minPriceRatio=0.9600. Shoptet má CHYBÍ CELÝ ZÁZNAM. Produkt 29983 (ceník ZR6) nebyl synchronizován. -> ALERT.
reconcile	UNKNOWN STEP	2026-08-27T14:30:10.2336887Z Kupón měl být discountCoupon=true/minPriceRatio=0.9600. Shoptet má CHYBÍ CELÝ ZÁZNAM. Produkt 29985 (ceník ZR6) nebyl synchronizován. -> ALERT.
reconcile	UNKNOWN STEP	2026-08-27T14:30:10.2338517Z Kupón měl být discountCoupon=true/minPriceRatio=0.9600. Shoptet má CHYBÍ CELÝ ZÁZNAM. Produkt 29986 (ceník ZR6) nebyl synchronizován. -> ALERT.
reconcile	UNKNOWN STEP	2026-08-27T14:30:10.2339891Z Kupón měl být discountCoupon=true/minPriceRatio=0.8600. Shoptet má CHYBÍ CELÝ ZÁZNAM. Produkt 31185 (ceník ZR6) nebyl synchronizován. -> ALERT.
reconcile	UNKNOWN STEP	2026-08-27T14:30:10.2341158Z Kupón měl být discountCoupon=true/minPriceRatio=0.8600. Shoptet má CHYBÍ CELÝ ZÁZNAM. Produkt 31187 (ceník ZR6) nebyl synchronizován. -> ALERT.
reconcile	UNKNOWN STEP	2026-08-27T14:30:10.2342432Z Kupón měl být discountCoupon=true/minPriceRatio=0.8600. Shoptet má CHYBÍ CELÝ ZÁZNAM. Produkt 31212 (ceník ZR6) nebyl synchronizován. -> ALERT.
reconcile	UNKNOWN STEP	2026-08-27T14:30:10.2343798Z Kupón měl být discountCoupon=true/minPriceRatio=0.8600. Shoptet má CHYBÍ CELÝ ZÁZNAM. Produkt 31822 (ceník ZR6) nebyl synchronizován. -> ALERT.
reconcile	UNKNOWN STEP	2026-08-27T14:30:10.2345091Z Kupón měl být discountCoupon=true/minPriceRatio=0.8600. Shoptet má CHYBÍ CELÝ ZÁZNAM. Produkt 38350 (ceník ZR6) nebyl synchronizován. -> ALERT.
reconcile	UNKNOWN STEP	2026-08-27T14:30:10.2346462Z Kupón měl být discountCoupon=true/minPriceRatio=0.8600. Shoptet má CHYBÍ CELÝ ZÁZNAM. Produkt 38353 (ceník ZR6) nebyl synchronizován. -> ALERT.
reconcile	UNKNOWN STEP	2026-08-27T14:30:10.2347919Z Kupón měl být discountCoupon=true/minPriceRatio=0.8600. Shoptet má CHYBÍ CELÝ ZÁZNAM. Produkt 41019 (ceník ZR6) nebyl synchronizován. -> ALERT.
reconcile	UNKNOWN STEP	2026-08-27T14:30:10.2349290Z Kupón měl být discountCoupon=true/minPriceRatio=0.8600. Shoptet má CHYBÍ CELÝ ZÁZNAM. Produkt 41760 (ceník ZR6) nebyl synchronizován. -> ALERT.
reconcile	UNKNOWN STEP	2026-08-27T14:30:10.2364865Z Kupón měl být discountCoupon=true/minPriceRatio=0.8600. Shoptet má CHYBÍ CELÝ ZÁZNAM. Produkt 41761 (ceník ZR6) nebyl synchronizován. -> ALERT.
reconcile	UNKNOWN STEP	2026-08-27T14:30:10.2366750Z Kupón měl být discountCoupon=true/minPriceRatio=0.8600. Shoptet má CHYBÍ CELÝ ZÁZNAM. Produkt 41762 (ceník ZR6) nebyl synchronizován. -> ALERT.
reconcile	UNKNOWN STEP	2026-08-27T14:30:10.2368419Z Kupón měl být discountCoupon=true/minPriceRatio=0.8600. Shoptet má CHYBÍ CELÝ ZÁZNAM. Produkt 41763 (ceník ZR6) nebyl synchronizován. -> ALERT.
reconcile	UNKNOWN STEP	2026-08-27T14:30:10.2369551Z Kupón měl být discountCoupon=true/minPriceRatio=0.8600. Shoptet má CHYBÍ CELÝ ZÁZNAM. Produkt 41764 (ceník ZR6) nebyl synchronizován. -> ALERT.
reconcile	UNKNOWN STEP	2026-08-27T14:30:10.2370894Z Kupón měl být discountCoupon=true/minPriceRatio=0.8600. Shoptet má CHYBÍ CELÝ ZÁZNAM. Produkt 41765 (ceník ZR6) nebyl synchronizován. -> ALERT.
reconcile	UNKNOWN STEP	2026-08-27T14:30:10.2372075Z Kupón měl být discountCoupon=true/minPriceRatio=0.8600. Shoptet má CHYBÍ CELÝ ZÁZNAM. Produkt 41790 (ceník ZR6) nebyl synchronizován. -> ALERT.
reconcile	UNKNOWN STEP	2026-08-27T14:30:10.2373193Z Kupón měl být discountCoupon=true/minPriceRatio=0.8600. Shoptet má CHYBÍ CELÝ ZÁZNAM. Produkt 41793 (ceník ZR6) nebyl synchronizován. -> ALERT.
reconcile	UNKNOWN STEP	2026-08-27T14:30:10.2374287Z Kupón měl být discountCoupon=true/minPriceRatio=0.8600. Shoptet má CHYBÍ CELÝ ZÁZNAM. Produkt 41812 (ceník ZR6) nebyl synchronizován. -> ALERT.
reconcile	UNKNOWN STEP	2026-08-27T14:30:10.2375554Z Kupón měl být discountCoupon=true/minPriceRatio=0.8600. Shoptet má CHYBÍ CELÝ ZÁZNAM. Produkt 41867 (ceník ZR6) nebyl synchronizován. -> ALERT.
reconcile	UNKNOWN STEP	2026-08-27T14:30:10.2376647Z Kupón měl být discountCoupon=true/minPriceRatio=0.8600. Shoptet má CHYBÍ CELÝ ZÁZNAM. Produkt 41868 (ceník ZR6) nebyl synchronizován. -> ALERT.
reconcile	UNKNOWN STEP	2026-08-27T14:30:10.2378094Z Kupón měl být discountCoupon=true/minPriceRatio=0.8600. Shoptet má CHYBÍ CELÝ ZÁZNAM. Produkt 41869 (ceník ZR6) nebyl synchronizován. -> ALERT.
reconcile	UNKNOWN STEP	2026-08-27T14:30:10.2379224Z Kupón měl být discountCoupon=true/minPriceRatio=0.8600. Shoptet má CHYBÍ CELÝ ZÁZNAM. Produkt 41870 (ceník ZR6) nebyl synchronizován. -> ALERT.
reconcile	UNKNOWN STEP	2026-08-27T14:30:10.2380401Z Kupón měl být discountCoupon=true/minPriceRatio=0.8600. Shoptet má CHYBÍ CELÝ ZÁZNAM. Produkt 41871 (ceník ZR6) nebyl synchronizován. -> ALERT.
reconcile	UNKNOWN STEP	2026-08-27T14:30:10.2381563Z Kupón měl být discountCoupon=true/minPriceRatio=0.8600. Shoptet má CHYBÍ CELÝ ZÁZNAM. Produkt 42947 (ceník ZR6) nebyl synchronizován. -> ALERT.
reconcile	UNKNOWN STEP	2026-08-27T14:30:10.2382677Z Kupón měl být discountCoupon=true/minPriceRatio=0.8600. Shoptet má CHYBÍ CELÝ ZÁZNAM. Produkt 42948 (ceník ZR6) nebyl synchronizován. -> ALERT.
reconcile	UNKNOWN STEP	2026-08-27T14:30:10.2383774Z Kupón měl být discountCoupon=true/minPriceRatio=0.8600. Shoptet má CHYBÍ CELÝ ZÁZNAM. Produkt 43749 (ceník ZR6) nebyl synchronizován. -> ALERT.
reconcile	UNKNOWN STEP	2026-08-27T14:30:10.2384872Z Kupón měl být discountCoupon=true/minPriceRatio=0.8600. Shoptet má CHYBÍ CELÝ ZÁZNAM. Produkt 43750 (ceník ZR6) nebyl synchronizován. -> ALERT.
reconcile	UNKNOWN STEP	2026-08-27T14:30:10.2385968Z Kupón měl být discountCoupon=true/minPriceRatio=0.8600. Shoptet má CHYBÍ CELÝ ZÁZNAM. Produkt 43751 (ceník ZR6) nebyl synchronizován. -> ALERT.
reconcile	UNKNOWN STEP	2026-08-27T14:30:10.2387068Z Kupón měl být discountCoupon=true/minPriceRatio=0.8600. Shoptet má CHYBÍ CELÝ ZÁZNAM. Produkt 43752 (ceník ZR6) nebyl synchronizován. -> ALERT.
reconcile	UNKNOWN STEP	2026-08-27T14:30:10.2388410Z Kupón měl být discountCoupon=true/minPriceRatio=0.8600. Shoptet má CHYBÍ CELÝ ZÁZNAM. Produkt 46439 (ceník ZR6) nebyl synchronizován. -> ALERT.
reconcile	UNKNOWN STEP	2026-08-27T14:30:10.2389541Z Kupón měl být discountCoupon=true/minPriceRatio=0.8600. Shoptet má CHYBÍ CELÝ ZÁZNAM. Produkt 46443 (ceník ZR6) nebyl synchronizován. -> ALERT.
reconcile	UNKNOWN STEP	2026-08-27T14:30:10.2390644Z Kupón měl být discountCoupon=true/minPriceRatio=0.8600. Shoptet má CHYBÍ CELÝ ZÁZNAM. Produkt 46450 (ceník ZR6) nebyl synchronizován. -> ALERT.
reconcile	UNKNOWN STEP	2026-08-27T14:30:10.2391754Z Kupón měl být discountCoupon=true/minPriceRatio=0.8600. Shoptet má CHYBÍ CELÝ ZÁZNAM. Produkt 46452 (ceník ZR6) nebyl synchronizován. -> ALERT.
reconcile	UNKNOWN STEP	2026-08-27T14:30:10.2392846Z Kupón měl být discountCoupon=true/minPriceRatio=0.8600. Shoptet má CHYBÍ CELÝ ZÁZNAM. Produkt 46536 (ceník ZR6) nebyl synchronizován. -> ALERT.
reconcile	UNKNOWN STEP	2026-08-27T14:30:10.2393937Z Kupón měl být discountCoupon=true/minPriceRatio=0.8600. Shoptet má CHYBÍ CELÝ ZÁZNAM. Produkt 46537 (ceník ZR6) nebyl synchronizován. -> ALERT.
reconcile	UNKNOWN STEP	2026-08-27T14:30:10.2395028Z Kupón měl být discountCoupon=true/minPriceRatio=0.8600. Shoptet má CHYBÍ CELÝ ZÁZNAM. Produkt 46541 (ceník ZR6) nebyl synchronizován. -> ALERT.
reconcile	UNKNOWN STEP	2026-08-27T14:30:10.2396298Z Kupón měl být discountCoupon=true/minPriceRatio=0.8600. Shoptet má CHYBÍ CELÝ ZÁZNAM. Produkt 46543 (ceník ZR6) nebyl synchronizován. -> ALERT.
reconcile	UNKNOWN STEP	2026-08-27T14:30:10.2397411Z Kupón měl být discountCoupon=true/minPriceRatio=0.8600. Shoptet má CHYBÍ CELÝ ZÁZNAM. Produkt 46966 (ceník ZR6) nebyl synchronizován. -> ALERT.
reconcile	UNKNOWN STEP	2026-08-27T14:30:10.2398917Z Kupón měl být discountCoupon=true/minPriceRatio=0.8600. Shoptet má CHYBÍ CELÝ ZÁZNAM. Produkt 46973 (ceník ZR6) nebyl synchronizován. -> ALERT.
reconcile	UNKNOWN STEP	2026-08-27T14:30:10.2400030Z Kupón měl být discountCoupon=true/minPriceRatio=0.8600. Shoptet má CHYBÍ CELÝ ZÁZNAM. Produkt 47055 (ceník ZR6) nebyl synchronizován. -> ALERT.
reconcile	UNKNOWN STEP	2026-08-27T14:30:10.2401123Z Kupón měl být discountCoupon=true/minPriceRatio=0.8600. Shoptet má CHYBÍ CELÝ ZÁZNAM. Produkt 47171 (ceník ZR6) nebyl synchronizován. -> ALERT.
reconcile	UNKNOWN STEP	2026-08-27T14:30:10.2402229Z Kupón měl být discountCoupon=true/minPriceRatio=0.8600. Shoptet má CHYBÍ CELÝ ZÁZNAM. Produkt 47405 (ceník ZR6) nebyl synchronizován. -> ALERT.
reconcile	UNKNOWN STEP	2026-08-27T14:30:10.2403352Z Kupón měl být discountCoupon=true/minPriceRatio=0.8600. Shoptet má CHYBÍ CELÝ ZÁZNAM. Produkt 47406 (ceník ZR6) nebyl synchronizován. -> ALERT.
reconcile	UNKNOWN STEP	2026-08-27T14:30:10.2404577Z Kupón měl být discountCoupon=true/minPriceRatio=0.8600. Shoptet má CHYBÍ CELÝ ZÁZNAM. Produkt 47407 (ceník ZR6) nebyl synchronizován. -> ALERT.
reconcile	UNKNOWN STEP	2026-08-27T14:30:10.2405688Z Kupón měl být discountCoupon=true/minPriceRatio=0.8600. Shoptet má CHYBÍ CELÝ ZÁZNAM. Produkt 47408 (ceník ZR6) nebyl synchronizován. -> ALERT.
reconcile	UNKNOWN STEP	2026-08-27T14:30:10.2406793Z Kupón měl být discountCoupon=true/minPriceRatio=0.8600. Shoptet má CHYBÍ CELÝ ZÁZNAM. Produkt 47409 (ceník ZR6) nebyl synchronizován. -> ALERT.
reconcile	UNKNOWN STEP	2026-08-27T14:30:10.2408121Z Kupón měl být discountCoupon=true/minPriceRatio=0.8600. Shoptet má CHYBÍ CELÝ ZÁZNAM. Produkt 47410 (ceník ZR6) nebyl synchronizován. -> ALERT.
reconcile	UNKNOWN STEP	2026-08-27T14:30:10.2409236Z Kupón měl být discountCoupon=true/minPriceRatio=0.8600. Shoptet má CHYBÍ CELÝ ZÁZNAM. Produkt 47411 (ceník ZR6) nebyl synchronizován. -> ALERT.
reconcile	UNKNOWN STEP	2026-08-27T14:30:10.2410338Z Kupón měl být discountCoupon=true/minPriceRatio=0.8600. Shoptet má CHYBÍ CELÝ ZÁZNAM. Produkt 47412 (ceník ZR6) nebyl synchronizován. -> ALERT.
reconcile	UNKNOWN STEP	2026-08-27T14:30:10.2411428Z Kupón měl být discountCoupon=true/minPriceRatio=0.8600. Shoptet má CHYBÍ CELÝ ZÁZNAM. Produkt 47413 (ceník ZR6) nebyl synchronizován. -> ALERT.
reconcile	UNKNOWN STEP	2026-08-27T14:30:10.2412544Z Kupón měl být discountCoupon=true/minPriceRatio=0.8600. Shoptet má CHYBÍ CELÝ ZÁZNAM. Produkt 47414 (ceník ZR6) nebyl synchronizován. -> ALERT.
reconcile	UNKNOWN STEP	2026-08-27T14:30:10.2413642Z Kupón měl být discountCoupon=true/minPriceRatio=0.8600. Shoptet má CHYBÍ CELÝ ZÁZNAM. Produkt 47415 (ceník ZR6) nebyl synchronizován. -> ALERT.
reconcile	UNKNOWN STEP	2026-08-27T14:30:10.2414742Z Kupón měl být discountCoupon=true/minPriceRatio=0.8600. Shoptet má CHYBÍ CELÝ ZÁZNAM. Produkt 47416 (ceník ZR6) nebyl synchronizován. -> ALERT.
reconcile	UNKNOWN STEP	2026-08-27T14:30:10.2415856Z Kupón měl být discountCoupon=true/minPriceRatio=0.8600. Shoptet má CHYBÍ CELÝ ZÁZNAM. Produkt 50933 (ceník ZR6) nebyl synchronizován. -> ALERT.
reconcile	UNKNOWN STEP	2026-08-27T14:30:10.2416948Z Kupón měl být discountCoupon=true/minPriceRatio=0.8600. Shoptet má CHYBÍ CELÝ ZÁZNAM. Produkt 50934 (ceník ZR6) nebyl synchronizován. -> ALERT.
reconcile	UNKNOWN STEP	2026-08-27T14:30:10.2418262Z Kupón měl být discountCoupon=true/minPriceRatio=0.8600. Shoptet má CHYBÍ CELÝ ZÁZNAM. Produkt 50935 (ceník ZR6) nebyl synchronizován. -> ALERT.
reconcile	UNKNOWN STEP	2026-08-27T14:30:10.2419527Z Kupón měl být discountCoupon=true/minPriceRatio=0.8600. Shoptet má CHYBÍ CELÝ ZÁZNAM. Produkt 50936 (ceník ZR6) nebyl synchronizován. -> ALERT.
reconcile	UNKNOWN STEP	2026-08-27T14:30:10.2420658Z Kupón měl být discountCoupon=true/minPriceRatio=0.8600. Shoptet má CHYBÍ CELÝ ZÁZNAM. Produkt 50937 (ceník ZR6) nebyl synchronizován. -> ALERT.
reconcile	UNKNOWN STEP	2026-08-27T14:30:10.2421769Z Kupón měl být discountCoupon=true/minPriceRatio=0.8600. Shoptet má CHYBÍ CELÝ ZÁZNAM. Produkt 50938 (ceník ZR6) nebyl synchronizován. -> ALERT.
reconcile	UNKNOWN STEP	2026-08-27T14:30:10.2423016Z Kupón měl být discountCoupon=true/minPriceRatio=0.8600. Shoptet má CHYBÍ CELÝ ZÁZNAM. Produkt 50940 (ceník ZR6) nebyl synchronizován. -> ALERT.
reconcile	UNKNOWN STEP	2026-08-27T14:30:10.2424115Z Kupón měl být discountCoupon=true/minPriceRatio=0.9600. Shoptet má CHYBÍ CELÝ ZÁZNAM. Produkt 55907 (ceník ZR6) nebyl synchronizován. -> ALERT.
reconcile	UNKNOWN STEP	2026-08-27T14:30:10.2425234Z Kupón měl být discountCoupon=false/minPriceRatio=1.0000. Shoptet má CHYBÍ CELÝ ZÁZNAM. Produkt 55908 (ceník ZR6) nebyl synchronizován. -> ALERT.
reconcile	UNKNOWN STEP	2026-08-27T14:30:10.2426346Z Kupón měl být discountCoupon=true/minPriceRatio=0.9600. Shoptet má CHYBÍ CELÝ ZÁZNAM. Produkt 55909 (ceník ZR6) nebyl synchronizován. -> ALERT.
reconcile	UNKNOWN STEP	2026-08-27T14:30:10.2427439Z Kupón měl být discountCoupon=true/minPriceRatio=0.9600. Shoptet má CHYBÍ CELÝ ZÁZNAM. Produkt 55910 (ceník ZR6) nebyl synchronizován. -> ALERT.
reconcile	UNKNOWN STEP	2026-08-27T14:30:10.2428671Z Kupón měl být discountCoupon=true/minPriceRatio=0.9600. Shoptet má CHYBÍ CELÝ ZÁZNAM. Produkt 55911 (ceník ZR6) nebyl synchronizován. -> ALERT.
reconcile	UNKNOWN STEP	2026-08-27T14:30:10.2429844Z Kupón měl být discountCoupon=false/minPriceRatio=1.0000. Shoptet má CHYBÍ CELÝ ZÁZNAM. Produkt 56328 (ceník ZR6) nebyl synchronizován. -> ALERT.
reconcile	UNKNOWN STEP	2026-08-27T14:30:10.2430945Z Kupón měl být discountCoupon=true/minPriceRatio=0.9600. Shoptet má CHYBÍ CELÝ ZÁZNAM. Produkt 56329 (ceník ZR6) nebyl synchronizován. -> ALERT.
reconcile	UNKNOWN STEP	2026-08-27T14:30:10.2432056Z Kupón měl být discountCoupon=true/minPriceRatio=0.9600. Shoptet má CHYBÍ CELÝ ZÁZNAM. Produkt 56330 (ceník ZR6) nebyl synchronizován. -> ALERT.
reconcile	UNKNOWN STEP	2026-08-27T14:30:10.2433154Z Kupón měl být discountCoupon=true/minPriceRatio=0.9600. Shoptet má CHYBÍ CELÝ ZÁZNAM. Produkt 56331 (ceník ZR6) nebyl synchronizován. -> ALERT.
reconcile	UNKNOWN STEP	2026-08-27T14:30:10.2434252Z Kupón měl být discountCoupon=true/minPriceRatio=0.8600. Shoptet má CHYBÍ CELÝ ZÁZNAM. Produkt 58787 (ceník ZR6) nebyl synchronizován. -> ALERT.
reconcile	UNKNOWN STEP	2026-08-27T14:30:10.2435342Z Kupón měl být discountCoupon=true/minPriceRatio=0.8600. Shoptet má CHYBÍ CELÝ ZÁZNAM. Produkt 59721 (ceník ZR6) nebyl synchronizován. -> ALERT.
reconcile	UNKNOWN STEP	2026-08-27T14:30:10.2436470Z Kupón měl být discountCoupon=true/minPriceRatio=0.8600. Shoptet má CHYBÍ CELÝ ZÁZNAM. Produkt 59724 (ceník ZR6) nebyl synchronizován. -> ALERT.
reconcile	UNKNOWN STEP	2026-08-27T14:30:10.2437731Z Kupón měl být discountCoupon=true/minPriceRatio=0.8600. Shoptet má CHYBÍ CELÝ ZÁZNAM. Produkt 62362 (ceník ZR6) nebyl synchronizován. -> ALERT.
reconcile	UNKNOWN STEP	2026-08-27T14:30:10.2438853Z Kupón měl být discountCoupon=true/minPriceRatio=0.8600. Shoptet má CHYBÍ CELÝ ZÁZNAM. Produkt 64579 (ceník ZR6) nebyl synchronizován. -> ALERT.
reconcile	UNKNOWN STEP	2026-08-27T14:30:10.2439957Z Kupón měl být discountCoupon=true/minPriceRatio=0.8600. Shoptet má CHYBÍ CELÝ ZÁZNAM. Produkt 64581 (ceník ZR6) nebyl synchronizován. -> ALERT.
reconcile	UNKNOWN STEP	2026-08-27T14:30:10.2441062Z Kupón měl být discountCoupon=true/minPriceRatio=0.8600. Shoptet má CHYBÍ CELÝ ZÁZNAM. Produkt 64582 (ceník ZR6) nebyl synchronizován. -> ALERT.
reconcile	UNKNOWN STEP	2026-08-27T14:30:10.2442165Z Kupón měl být discountCoupon=true/minPriceRatio=0.8600. Shoptet má CHYBÍ CELÝ ZÁZNAM. Produkt 65804 (ceník ZR6) nebyl synchronizován. -> ALERT.
reconcile	UNKNOWN STEP	2026-08-27T14:30:10.2443266Z Kupón měl být discountCoupon=true/minPriceRatio=0.8600. Shoptet má CHYBÍ CELÝ ZÁZNAM. Produkt 65806 (ceník ZR6) nebyl synchronizován. -> ALERT.
reconcile	UNKNOWN STEP	2026-08-27T14:30:10.2444362Z Kupón měl být discountCoupon=true/minPriceRatio=0.8600. Shoptet má CHYBÍ CELÝ ZÁZNAM. Produkt 65807 (ceník ZR6) nebyl synchronizován. -> ALERT.
reconcile	UNKNOWN STEP	2026-08-27T14:30:10.2445599Z Kupón měl být discountCoupon=true/minPriceRatio=0.8600. Shoptet má CHYBÍ CELÝ ZÁZNAM. Produkt 65808 (ceník ZR6) nebyl synchronizován. -> ALERT.
reconcile	UNKNOWN STEP	2026-08-27T14:30:10.2446717Z Kupón měl být discountCoupon=true/minPriceRatio=0.8600. Shoptet má CHYBÍ CELÝ ZÁZNAM. Produkt 65809 (ceník ZR6) nebyl synchronizován. -> ALERT.
reconcile	UNKNOWN STEP	2026-08-27T14:30:10.2447938Z Kupón měl být discountCoupon=true/minPriceRatio=0.8600. Shoptet má CHYBÍ CELÝ ZÁZNAM. Produkt 65810 (ceník ZR6) nebyl synchronizován. -> ALERT.
reconcile	UNKNOWN STEP	2026-08-27T14:30:10.2449069Z Kupón měl být discountCoupon=true/minPriceRatio=0.8600. Shoptet má CHYBÍ CELÝ ZÁZNAM. Produkt 66756 (ceník ZR6) nebyl synchronizován. -> ALERT.
reconcile	UNKNOWN STEP	2026-08-27T14:30:10.2450306Z Kupón měl být discountCoupon=true/minPriceRatio=0.8600. Shoptet má CHYBÍ CELÝ ZÁZNAM. Produkt 66783 (ceník ZR6) nebyl synchronizován. -> ALERT.
reconcile	UNKNOWN STEP	2026-08-27T14:30:10.2451399Z Kupón měl být discountCoupon=true/minPriceRatio=0.8600. Shoptet má CHYBÍ CELÝ ZÁZNAM. Produkt 66789 (ceník ZR6) nebyl synchronizován. -> ALERT.
reconcile	UNKNOWN STEP	2026-08-27T14:30:10.2452507Z Kupón měl být discountCoupon=true/minPriceRatio=0.8600. Shoptet má CHYBÍ CELÝ ZÁZNAM. Produkt 68181 (ceník ZR6) nebyl synchronizován. -> ALERT.
reconcile	UNKNOWN STEP	2026-08-27T14:30:10.2453599Z Kupón měl být discountCoupon=true/minPriceRatio=0.8897. Shoptet má CHYBÍ CELÝ ZÁZNAM. Produkt 68182 (ceník ZR6) nebyl synchronizován. -> ALERT.
reconcile	UNKNOWN STEP	2026-08-27T14:30:10.2454701Z Kupón měl být discountCoupon=true/minPriceRatio=0.8885. Shoptet má CHYBÍ CELÝ ZÁZNAM. Produkt 68309 (ceník ZR6) nebyl synchronizován. -> ALERT.
reconcile	UNKNOWN STEP	2026-08-27T14:30:10.2455842Z Kupón měl být discountCoupon=true/minPriceRatio=0.8600. Shoptet má CHYBÍ CELÝ ZÁZNAM. Produkt 68313 (ceník ZR6) nebyl synchronizován. -> ALERT.
reconcile	UNKNOWN STEP	2026-08-27T14:30:10.2456959Z Kupón měl být discountCoupon=true/minPriceRatio=0.8600. Shoptet má CHYBÍ CELÝ ZÁZNAM. Produkt 68319 (ceník ZR6) nebyl synchronizován. -> ALERT.
reconcile	UNKNOWN STEP	2026-08-27T14:30:10.2458180Z Kupón měl být discountCoupon=true/minPriceRatio=0.8901. Shoptet má CHYBÍ CELÝ ZÁZNAM. Produkt 68521 (ceník ZR6) nebyl synchronizován. -> ALERT.
reconcile	UNKNOWN STEP	2026-08-27T14:30:10.2459308Z Kupón měl být discountCoupon=true/minPriceRatio=0.8600. Shoptet má CHYBÍ CELÝ ZÁZNAM. Produkt 68522 (ceník ZR6) nebyl synchronizován. -> ALERT.
reconcile	UNKNOWN STEP	2026-08-27T14:30:10.2460416Z Kupón měl být discountCoupon=true/minPriceRatio=0.8600. Shoptet má CHYBÍ CELÝ ZÁZNAM. Produkt 68523 (ceník ZR6) nebyl synchronizován. -> ALERT.
reconcile	UNKNOWN STEP	2026-08-27T14:30:10.2461514Z Kupón měl být discountCoupon=true/minPriceRatio=0.8600. Shoptet má CHYBÍ CELÝ ZÁZNAM. Produkt 68524 (ceník ZR6) nebyl synchronizován. -> ALERT.
reconcile	UNKNOWN STEP	2026-08-27T14:30:10.2462614Z Kupón měl být discountCoupon=true/minPriceRatio=0.8600. Shoptet má CHYBÍ CELÝ ZÁZNAM. Produkt 77666 (ceník ZR6) nebyl synchronizován. -> ALERT.
reconcile	UNKNOWN STEP	2026-08-27T14:30:10.2463735Z Kupón měl být discountCoupon=true/minPriceRatio=0.8600. Shoptet má CHYBÍ CELÝ ZÁZNAM. Produkt 77668 (ceník ZR6) nebyl synchronizován. -> ALERT.
reconcile	UNKNOWN STEP	2026-08-27T14:30:10.2464836Z Kupón měl být discountCoupon=true/minPriceRatio=0.8600. Shoptet má CHYBÍ CELÝ ZÁZNAM. Produkt 77669 (ceník ZR6) nebyl synchronizován. -> ALERT.
reconcile	UNKNOWN STEP	2026-08-27T14:30:10.2465948Z Kupón měl být discountCoupon=true/minPriceRatio=0.8600. Shoptet má CHYBÍ CELÝ ZÁZNAM. Produkt 77670 (ceník ZR6) nebyl synchronizován. -> ALERT.
reconcile	UNKNOWN STEP	2026-08-27T14:30:10.2467039Z Kupón měl být discountCoupon=true/minPriceRatio=0.8600. Shoptet má CHYBÍ CELÝ ZÁZNAM. Produkt 77671 (ceník ZR6) nebyl synchronizován. -> ALERT.
reconcile	UNKNOWN STEP	2026-08-27T14:30:10.2468241Z Kupón měl být discountCoupon=true/minPriceRatio=0.8600. Shoptet má CHYBÍ CELÝ ZÁZNAM. Produkt 77672 (ceník ZR6) nebyl synchronizován. -> ALERT.
reconcile	UNKNOWN STEP	2026-08-27T14:30:10.2469349Z Kupón měl být discountCoupon=true/minPriceRatio=0.8600. Shoptet má CHYBÍ CELÝ ZÁZNAM. Produkt 77673 (ceník ZR6) nebyl synchronizován. -> ALERT.
reconcile	UNKNOWN STEP	2026-08-27T14:30:10.2470472Z Kupón měl být discountCoupon=true/minPriceRatio=0.8600. Shoptet má CHYBÍ CELÝ ZÁZNAM. Produkt 77674 (ceník ZR6) nebyl synchronizován. -> ALERT.
reconcile	UNKNOWN STEP	2026-08-27T14:30:10.2471568Z Kupón měl být discountCoupon=true/minPriceRatio=0.8600. Shoptet má CHYBÍ CELÝ ZÁZNAM. Produkt 77825 (ceník ZR6) nebyl synchronizován. -> ALERT.
reconcile	UNKNOWN STEP	2026-08-27T14:30:10.2472813Z Kupón měl být discountCoupon=true/minPriceRatio=0.8600. Shoptet má CHYBÍ CELÝ ZÁZNAM. Produkt 77840 (ceník ZR6) nebyl synchronizován. -> ALERT.
reconcile	UNKNOWN STEP	2026-08-27T14:30:10.2473922Z Kupón měl být discountCoupon=true/minPriceRatio=0.8600. Shoptet má CHYBÍ CELÝ ZÁZNAM. Produkt 77841 (ceník ZR6) nebyl synchronizován. -> ALERT.
reconcile	UNKNOWN STEP	2026-08-27T14:30:10.2475030Z Kupón měl být discountCoupon=true/minPriceRatio=0.8600. Shoptet má CHYBÍ CELÝ ZÁZNAM. Produkt 77842 (ceník ZR6) nebyl synchronizován. -> ALERT.
reconcile	UNKNOWN STEP	2026-08-27T14:30:10.2476129Z Kupón měl být discountCoupon=true/minPriceRatio=0.8600. Shoptet má CHYBÍ CELÝ ZÁZNAM. Produkt 77843 (ceník ZR6) nebyl synchronizován. -> ALERT.
reconcile	UNKNOWN STEP	2026-08-27T14:30:10.2477393Z Kupón měl být discountCoupon=true/minPriceRatio=0.8600. Shoptet má CHYBÍ CELÝ ZÁZNAM. Produkt 77844 (ceník ZR6) nebyl synchronizován. -> ALERT.
reconcile	UNKNOWN STEP	2026-08-27T14:30:10.2478598Z Kupón měl být discountCoupon=true/minPriceRatio=0.8600. Shoptet má CHYBÍ CELÝ ZÁZNAM. Produkt 77853 (ceník ZR6) nebyl synchronizován. -> ALERT.
reconcile	UNKNOWN STEP	2026-08-27T14:30:10.2479708Z Kupón měl být discountCoupon=true/minPriceRatio=0.8600. Shoptet má CHYBÍ CELÝ ZÁZNAM. Produkt 77855 (ceník ZR6) nebyl synchronizován. -> ALERT.
reconcile	UNKNOWN STEP	2026-08-27T14:30:10.2480815Z Kupón měl být discountCoupon=true/minPriceRatio=0.8600. Shoptet má CHYBÍ CELÝ ZÁZNAM. Produkt 77856 (ceník ZR6) nebyl synchronizován. -> ALERT.
reconcile	UNKNOWN STEP	2026-08-27T14:30:10.2481909Z Kupón měl být discountCoupon=true/minPriceRatio=0.8600. Shoptet má CHYBÍ CELÝ ZÁZNAM. Produkt 77857 (ceník ZR6) nebyl synchronizován. -> ALERT.
reconcile	UNKNOWN STEP	2026-08-27T14:30:10.2483001Z Kupón měl být discountCoupon=true/minPriceRatio=0.8600. Shoptet má CHYBÍ CELÝ ZÁZNAM. Produkt 77858 (ceník ZR6) nebyl synchronizován. -> ALERT.
reconcile	UNKNOWN STEP	2026-08-27T14:30:10.2484119Z Kupón měl být discountCoupon=true/minPriceRatio=0.8600. Shoptet má CHYBÍ CELÝ ZÁZNAM. Produkt 77859 (ceník ZR6) nebyl synchronizován. -> ALERT.
reconcile	UNKNOWN STEP	2026-08-27T14:30:10.2485207Z Kupón měl být discountCoupon=true/minPriceRatio=0.8600. Shoptet má CHYBÍ CELÝ ZÁZNAM. Produkt 77860 (ceník ZR6) nebyl synchronizován. -> ALERT.
reconcile	UNKNOWN STEP	2026-08-27T14:30:10.2486316Z Kupón měl být discountCoupon=true/minPriceRatio=0.8600. Shoptet má CHYBÍ CELÝ ZÁZNAM. Produkt 77864 (ceník ZR6) nebyl synchronizován. -> ALERT.
reconcile	UNKNOWN STEP	2026-08-27T14:30:10.2487414Z Kupón měl být discountCoupon=true/minPriceRatio=0.8600. Shoptet má CHYBÍ CELÝ ZÁZNAM. Produkt 77868 (ceník ZR6) nebyl synchronizován. -> ALERT.
reconcile	UNKNOWN STEP	2026-08-27T14:30:10.2488615Z Kupón měl být discountCoupon=true/minPriceRatio=0.8600. Shoptet má CHYBÍ CELÝ ZÁZNAM. Produkt 77870 (ceník ZR6) nebyl synchronizován. -> ALERT.
reconcile	UNKNOWN STEP	2026-08-27T14:30:10.2489726Z Kupón měl být discountCoupon=true/minPriceRatio=0.8600. Shoptet má CHYBÍ CELÝ ZÁZNAM. Produkt 77871 (ceník ZR6) nebyl synchronizován. -> ALERT.
reconcile	UNKNOWN STEP	2026-08-27T14:30:10.2490844Z Kupón měl být discountCoupon=true/minPriceRatio=0.8600. Shoptet má CHYBÍ CELÝ ZÁZNAM. Produkt 77872 (ceník ZR6) nebyl synchronizován. -> ALERT.
reconcile	UNKNOWN STEP	2026-08-27T14:30:10.2491943Z Kupón měl být discountCoupon=true/minPriceRatio=0.8600. Shoptet má CHYBÍ CELÝ ZÁZNAM. Produkt 79234 (ceník ZR6) nebyl synchronizován. -> ALERT.
reconcile	UNKNOWN STEP	2026-08-27T14:30:10.2493043Z Kupón měl být discountCoupon=true/minPriceRatio=0.8600. Shoptet má CHYBÍ CELÝ ZÁZNAM. Produkt 79236 (ceník ZR6) nebyl synchronizován. -> ALERT.
reconcile	UNKNOWN STEP	2026-08-27T14:30:10.2494148Z Kupón měl být discountCoupon=true/minPriceRatio=0.8600. Shoptet má CHYBÍ CELÝ ZÁZNAM. Produkt 88595 (ceník ZR6) nebyl synchronizován. -> ALERT.
reconcile	UNKNOWN STEP	2026-08-27T14:30:10.2495238Z Kupón měl být discountCoupon=true/minPriceRatio=0.8600. Shoptet má CHYBÍ CELÝ ZÁZNAM. Produkt 88596 (ceník ZR6) nebyl synchronizován. -> ALERT.
reconcile	UNKNOWN STEP	2026-08-27T14:30:10.2496341Z Kupón měl být discountCoupon=true/minPriceRatio=0.8600. Shoptet má CHYBÍ CELÝ ZÁZNAM. Produkt 88598 (ceník ZR6) nebyl synchronizován. -> ALERT.
reconcile	UNKNOWN STEP	2026-08-27T14:30:10.2497432Z Kupón měl být discountCoupon=true/minPriceRatio=0.8600. Shoptet má CHYBÍ CELÝ ZÁZNAM. Produkt 88762 (ceník ZR6) nebyl synchronizován. -> ALERT.
reconcile	UNKNOWN STEP	2026-08-27T14:30:10.2498618Z Kupón měl být discountCoupon=true/minPriceRatio=0.8600. Shoptet má CHYBÍ CELÝ ZÁZNAM. Produkt 88872 (ceník ZR6) nebyl synchronizován. -> ALERT.
reconcile	UNKNOWN STEP	2026-08-27T14:30:10.2499958Z Kupón měl být discountCoupon=true/minPriceRatio=0.8600. Shoptet má CHYBÍ CELÝ ZÁZNAM. Produkt 88875 (ceník ZR6) nebyl synchronizován. -> ALERT.
reconcile	UNKNOWN STEP	2026-08-27T14:30:10.2501065Z Kupón měl být discountCoupon=true/minPriceRatio=0.8600. Shoptet má CHYBÍ CELÝ ZÁZNAM. Produkt 97054 (ceník ZR6) nebyl synchronizován. -> ALERT.
reconcile	UNKNOWN STEP	2026-08-27T14:30:10.2502161Z Kupón měl být discountCoupon=true/minPriceRatio=0.8600. Shoptet má CHYBÍ CELÝ ZÁZNAM. Produkt 97173 (ceník ZR6) nebyl synchronizován. -> ALERT.
reconcile	UNKNOWN STEP	2026-08-27T14:30:10.2503401Z Kupón měl být discountCoupon=true/minPriceRatio=0.8600. Shoptet má CHYBÍ CELÝ ZÁZNAM. Produkt 97176 (ceník ZR6) nebyl synchronizován. -> ALERT.
reconcile	UNKNOWN STEP	2026-08-27T14:30:10.2504508Z Kupón měl být discountCoupon=true/minPriceRatio=0.8600. Shoptet má CHYBÍ CELÝ ZÁZNAM. Produkt 97177 (ceník ZR6) nebyl synchronizován. -> ALERT.
reconcile	UNKNOWN STEP	2026-08-27T14:30:10.2505629Z Kupón měl být discountCoupon=true/minPriceRatio=0.8600. Shoptet má CHYBÍ CELÝ ZÁZNAM. Produkt 97290 (ceník ZR6) nebyl synchronizován. -> ALERT.
reconcile	UNKNOWN STEP	2026-08-27T14:30:10.2506722Z Kupón měl být discountCoupon=true/minPriceRatio=0.8600. Shoptet má CHYBÍ CELÝ ZÁZNAM. Produkt 97629 (ceník ZR6) nebyl synchronizován. -> ALERT.
reconcile	UNKNOWN STEP	2026-08-27T14:30:10.2507966Z Kupón měl být discountCoupon=true/minPriceRatio=0.8600. Shoptet má CHYBÍ CELÝ ZÁZNAM. Produkt 97630 (ceník ZR6) nebyl synchronizován. -> ALERT.
reconcile	UNKNOWN STEP	2026-08-27T14:30:10.2509144Z Kupón měl být discountCoupon=true/minPriceRatio=0.8800. Shoptet má CHYBÍ CELÝ ZÁZNAM. Produkt 100464 (ceník ZR8) nebyl synchronizován. -> ALERT.
reconcile	UNKNOWN STEP	2026-08-27T14:30:10.2510308Z Kupón měl být discountCoupon=true/minPriceRatio=0.8800. Shoptet má CHYBÍ CELÝ ZÁZNAM. Produkt 100465 (ceník ZR8) nebyl synchronizován. -> ALERT.
reconcile	UNKNOWN STEP	2026-08-27T14:30:10.2511419Z Kupón měl být discountCoupon=true/minPriceRatio=0.8800. Shoptet má CHYBÍ CELÝ ZÁZNAM. Produkt 100467 (ceník ZR8) nebyl synchronizován. -> ALERT.
reconcile	UNKNOWN STEP	2026-08-27T14:30:10.2512541Z Kupón měl být discountCoupon=true/minPriceRatio=0.8800. Shoptet má CHYBÍ CELÝ ZÁZNAM. Produkt 100468 (ceník ZR8) nebyl synchronizován. -> ALERT.
reconcile	UNKNOWN STEP	2026-08-27T14:30:10.2513668Z Kupón měl být discountCoupon=true/minPriceRatio=0.8800. Shoptet má CHYBÍ CELÝ ZÁZNAM. Produkt 100469 (ceník ZR8) nebyl synchronizován. -> ALERT.
reconcile	UNKNOWN STEP	2026-08-27T14:30:10.2514769Z Kupón měl být discountCoupon=true/minPriceRatio=0.8800. Shoptet má CHYBÍ CELÝ ZÁZNAM. Produkt 100580 (ceník ZR8) nebyl synchronizován. -> ALERT.
reconcile	UNKNOWN STEP	2026-08-27T14:30:10.2515874Z Kupón měl být discountCoupon=true/minPriceRatio=0.8800. Shoptet má CHYBÍ CELÝ ZÁZNAM. Produkt 100594 (ceník ZR8) nebyl synchronizován. -> ALERT.
reconcile	UNKNOWN STEP	2026-08-27T14:30:10.2516994Z Kupón měl být discountCoupon=true/minPriceRatio=0.8800. Shoptet má CHYBÍ CELÝ ZÁZNAM. Produkt 100595 (ceník ZR8) nebyl synchronizován. -> ALERT.
reconcile	UNKNOWN STEP	2026-08-27T14:30:10.2518224Z Kupón měl být discountCoupon=true/minPriceRatio=0.8800. Shoptet má CHYBÍ CELÝ ZÁZNAM. Produkt 100597 (ceník ZR8) nebyl synchronizován. -> ALERT.
reconcile	UNKNOWN STEP	2026-08-27T14:30:10.2519349Z Kupón měl být discountCoupon=true/minPriceRatio=0.8800. Shoptet má CHYBÍ CELÝ ZÁZNAM. Produkt 100598 (ceník ZR8) nebyl synchronizován. -> ALERT.
reconcile	UNKNOWN STEP	2026-08-27T14:30:10.2520454Z Kupón měl být discountCoupon=true/minPriceRatio=0.8800. Shoptet má CHYBÍ CELÝ ZÁZNAM. Produkt 100599 (ceník ZR8) nebyl synchronizován. -> ALERT.
reconcile	UNKNOWN STEP	2026-08-27T14:30:10.2521567Z Kupón měl být discountCoupon=true/minPriceRatio=0.8800. Shoptet má CHYBÍ CELÝ ZÁZNAM. Produkt 100659 (ceník ZR8) nebyl synchronizován. -> ALERT.
reconcile	UNKNOWN STEP	2026-08-27T14:30:10.2522671Z Kupón měl být discountCoupon=true/minPriceRatio=0.8800. Shoptet má CHYBÍ CELÝ ZÁZNAM. Produkt 100769 (ceník ZR8) nebyl synchronizován. -> ALERT.
reconcile	UNKNOWN STEP	2026-08-27T14:30:10.2523788Z Kupón měl být discountCoupon=true/minPriceRatio=0.8800. Shoptet má CHYBÍ CELÝ ZÁZNAM. Produkt 100770 (ceník ZR8) nebyl synchronizován. -> ALERT.
reconcile	UNKNOWN STEP	2026-08-27T14:30:10.2524881Z Kupón měl být discountCoupon=true/minPriceRatio=0.8800. Shoptet má CHYBÍ CELÝ ZÁZNAM. Produkt 100771 (ceník ZR8) nebyl synchronizován. -> ALERT.
reconcile	UNKNOWN STEP	2026-08-27T14:30:10.2526153Z Kupón měl být discountCoupon=true/minPriceRatio=0.8800. Shoptet má CHYBÍ CELÝ ZÁZNAM. Produkt 100772 (ceník ZR8) nebyl synchronizován. -> ALERT.
reconcile	UNKNOWN STEP	2026-08-27T14:30:10.2527276Z Kupón měl být discountCoupon=true/minPriceRatio=0.8800. Shoptet má CHYBÍ CELÝ ZÁZNAM. Produkt 100773 (ceník ZR8) nebyl synchronizován. -> ALERT.
reconcile	UNKNOWN STEP	2026-08-27T14:30:10.2528511Z Kupón měl být discountCoupon=true/minPriceRatio=0.8800. Shoptet má CHYBÍ CELÝ ZÁZNAM. Produkt 100774 (ceník ZR8) nebyl synchronizován. -> ALERT.
reconcile	UNKNOWN STEP	2026-08-27T14:30:10.2529638Z Kupón měl být discountCoupon=true/minPriceRatio=0.8800. Shoptet má CHYBÍ CELÝ ZÁZNAM. Produkt 101591 (ceník ZR8) nebyl synchronizován. -> ALERT.
reconcile	UNKNOWN STEP	2026-08-27T14:30:10.2530891Z Kupón měl být discountCoupon=true/minPriceRatio=0.8800. Shoptet má CHYBÍ CELÝ ZÁZNAM. Produkt 101594 (ceník ZR8) nebyl synchronizován. -> ALERT.
reconcile	UNKNOWN STEP	2026-08-27T14:30:10.2532010Z Kupón měl být discountCoupon=true/minPriceRatio=0.8800. Shoptet má CHYBÍ CELÝ ZÁZNAM. Produkt 101816 (ceník ZR8) nebyl synchronizován. -> ALERT.
reconcile	UNKNOWN STEP	2026-08-27T14:30:10.2533125Z Kupón měl být discountCoupon=true/minPriceRatio=0.8800. Shoptet má CHYBÍ CELÝ ZÁZNAM. Produkt 101817 (ceník ZR8) nebyl synchronizován. -> ALERT.
reconcile	UNKNOWN STEP	2026-08-27T14:30:10.2534228Z Kupón měl být discountCoupon=true/minPriceRatio=0.8800. Shoptet má CHYBÍ CELÝ ZÁZNAM. Produkt 101818 (ceník ZR8) nebyl synchronizován. -> ALERT.
reconcile	UNKNOWN STEP	2026-08-27T14:30:10.2535343Z Kupón měl být discountCoupon=true/minPriceRatio=0.8800. Shoptet má CHYBÍ CELÝ ZÁZNAM. Produkt 104257 (ceník ZR8) nebyl synchronizován. -> ALERT.
reconcile	UNKNOWN STEP	2026-08-27T14:30:10.2536487Z Kupón měl být discountCoupon=true/minPriceRatio=0.9800. Shoptet má CHYBÍ CELÝ ZÁZNAM. Produkt 109021 (ceník ZR8) nebyl synchronizován. -> ALERT.
reconcile	UNKNOWN STEP	2026-08-27T14:30:10.2537735Z Kupón měl být discountCoupon=true/minPriceRatio=0.9800. Shoptet má CHYBÍ CELÝ ZÁZNAM. Produkt 109023 (ceník ZR8) nebyl synchronizován. -> ALERT.
reconcile	UNKNOWN STEP	2026-08-27T14:30:10.2538849Z Kupón měl být discountCoupon=true/minPriceRatio=0.8800. Shoptet má CHYBÍ CELÝ ZÁZNAM. Produkt 110001 (ceník ZR8) nebyl synchronizován. -> ALERT.
reconcile	UNKNOWN STEP	2026-08-27T14:30:10.2539970Z Kupón měl být discountCoupon=true/minPriceRatio=0.8800. Shoptet má CHYBÍ CELÝ ZÁZNAM. Produkt 110002 (ceník ZR8) nebyl synchronizován. -> ALERT.
reconcile	UNKNOWN STEP	2026-08-27T14:30:10.2541089Z Kupón měl být discountCoupon=true/minPriceRatio=0.8800. Shoptet má CHYBÍ CELÝ ZÁZNAM. Produkt 110007 (ceník ZR8) nebyl synchronizován. -> ALERT.
reconcile	UNKNOWN STEP	2026-08-27T14:30:10.2542195Z Kupón měl být discountCoupon=true/minPriceRatio=0.8800. Shoptet má CHYBÍ CELÝ ZÁZNAM. Produkt 110009 (ceník ZR8) nebyl synchronizován. -> ALERT.
reconcile	UNKNOWN STEP	2026-08-27T14:30:10.2543296Z Kupón měl být discountCoupon=true/minPriceRatio=0.8800. Shoptet má CHYBÍ CELÝ ZÁZNAM. Produkt 110010 (ceník ZR8) nebyl synchronizován. -> ALERT.
reconcile	UNKNOWN STEP	2026-08-27T14:30:10.2544415Z Kupón měl být discountCoupon=true/minPriceRatio=0.8800. Shoptet má CHYBÍ CELÝ ZÁZNAM. Produkt 110012 (ceník ZR8) nebyl synchronizován. -> ALERT.
reconcile	UNKNOWN STEP	2026-08-27T14:30:10.2545537Z Kupón měl být discountCoupon=true/minPriceRatio=0.8800. Shoptet má CHYBÍ CELÝ ZÁZNAM. Produkt 110014 (ceník ZR8) nebyl synchronizován. -> ALERT.
reconcile	UNKNOWN STEP	2026-08-27T14:30:10.2546795Z Kupón měl být discountCoupon=true/minPriceRatio=0.8800. Shoptet má CHYBÍ CELÝ ZÁZNAM. Produkt 110015 (ceník ZR8) nebyl synchronizován. -> ALERT.
reconcile	UNKNOWN STEP	2026-08-27T14:30:10.2548030Z Kupón měl být discountCoupon=true/minPriceRatio=0.8800. Shoptet má CHYBÍ CELÝ ZÁZNAM. Produkt 110016 (ceník ZR8) nebyl synchronizován. -> ALERT.
reconcile	UNKNOWN STEP	2026-08-27T14:30:10.2549145Z Kupón měl být discountCoupon=true/minPriceRatio=0.8800. Shoptet má CHYBÍ CELÝ ZÁZNAM. Produkt 110017 (ceník ZR8) nebyl synchronizován. -> ALERT.
reconcile	UNKNOWN STEP	2026-08-27T14:30:10.2550258Z Kupón měl být discountCoupon=true/minPriceRatio=0.8800. Shoptet má CHYBÍ CELÝ ZÁZNAM. Produkt 110019 (ceník ZR8) nebyl synchronizován. -> ALERT.
reconcile	UNKNOWN STEP	2026-08-27T14:30:10.2551519Z Kupón měl být discountCoupon=true/minPriceRatio=0.8800. Shoptet má CHYBÍ CELÝ ZÁZNAM. Produkt 110020 (ceník ZR8) nebyl synchronizován. -> ALERT.
reconcile	UNKNOWN STEP	2026-08-27T14:30:10.2552625Z Kupón měl být discountCoupon=true/minPriceRatio=0.8800. Shoptet má CHYBÍ CELÝ ZÁZNAM. Produkt 110021 (ceník ZR8) nebyl synchronizován. -> ALERT.
reconcile	UNKNOWN STEP	2026-08-27T14:30:10.2553745Z Kupón měl být discountCoupon=true/minPriceRatio=0.8800. Shoptet má CHYBÍ CELÝ ZÁZNAM. Produkt 110022 (ceník ZR8) nebyl synchronizován. -> ALERT.
reconcile	UNKNOWN STEP	2026-08-27T14:30:10.2554846Z Kupón měl být discountCoupon=true/minPriceRatio=0.8800. Shoptet má CHYBÍ CELÝ ZÁZNAM. Produkt 110023 (ceník ZR8) nebyl synchronizován. -> ALERT.
reconcile	UNKNOWN STEP	2026-08-27T14:30:10.2555952Z Kupón měl být discountCoupon=true/minPriceRatio=0.8800. Shoptet má CHYBÍ CELÝ ZÁZNAM. Produkt 110024 (ceník ZR8) nebyl synchronizován. -> ALERT.
reconcile	UNKNOWN STEP	2026-08-27T14:30:10.2557074Z Kupón měl být discountCoupon=true/minPriceRatio=0.8800. Shoptet má CHYBÍ CELÝ ZÁZNAM. Produkt 110036 (ceník ZR8) nebyl synchronizován. -> ALERT.
reconcile	UNKNOWN STEP	2026-08-27T14:30:10.2558282Z Kupón měl být discountCoupon=true/minPriceRatio=0.8800. Shoptet má CHYBÍ CELÝ ZÁZNAM. Produkt 110037 (ceník ZR8) nebyl synchronizován. -> ALERT.
reconcile	UNKNOWN STEP	2026-08-27T14:30:10.2559393Z Kupón měl být discountCoupon=true/minPriceRatio=0.9800. Shoptet má CHYBÍ CELÝ ZÁZNAM. Produkt 29983 (ceník ZR8) nebyl synchronizován. -> ALERT.
reconcile	UNKNOWN STEP	2026-08-27T14:30:10.2560520Z Kupón měl být discountCoupon=true/minPriceRatio=0.9800. Shoptet má CHYBÍ CELÝ ZÁZNAM. Produkt 29985 (ceník ZR8) nebyl synchronizován. -> ALERT.
reconcile	UNKNOWN STEP	2026-08-27T14:30:10.2561640Z Kupón měl být discountCoupon=true/minPriceRatio=0.9800. Shoptet má CHYBÍ CELÝ ZÁZNAM. Produkt 29986 (ceník ZR8) nebyl synchronizován. -> ALERT.
reconcile	UNKNOWN STEP	2026-08-27T14:30:10.2562739Z Kupón měl být discountCoupon=true/minPriceRatio=0.8800. Shoptet má CHYBÍ CELÝ ZÁZNAM. Produkt 31185 (ceník ZR8) nebyl synchronizován. -> ALERT.
reconcile	UNKNOWN STEP	2026-08-27T14:30:10.2563853Z Kupón měl být discountCoupon=true/minPriceRatio=0.8800. Shoptet má CHYBÍ CELÝ ZÁZNAM. Produkt 31187 (ceník ZR8) nebyl synchronizován. -> ALERT.
reconcile	UNKNOWN STEP	2026-08-27T14:30:10.2564946Z Kupón měl být discountCoupon=true/minPriceRatio=0.8800. Shoptet má CHYBÍ CELÝ ZÁZNAM. Produkt 31212 (ceník ZR8) nebyl synchronizován. -> ALERT.
reconcile	UNKNOWN STEP	2026-08-27T14:30:10.2566043Z Kupón měl být discountCoupon=true/minPriceRatio=0.8800. Shoptet má CHYBÍ CELÝ ZÁZNAM. Produkt 31822 (ceník ZR8) nebyl synchronizován. -> ALERT.
reconcile	UNKNOWN STEP	2026-08-27T14:30:10.2567144Z Kupón měl být discountCoupon=true/minPriceRatio=0.8800. Shoptet má CHYBÍ CELÝ ZÁZNAM. Produkt 38350 (ceník ZR8) nebyl synchronizován. -> ALERT.
reconcile	UNKNOWN STEP	2026-08-27T14:30:10.2568378Z Kupón měl být discountCoupon=true/minPriceRatio=0.8800. Shoptet má CHYBÍ CELÝ ZÁZNAM. Produkt 38353 (ceník ZR8) nebyl synchronizován. -> ALERT.
reconcile	UNKNOWN STEP	2026-08-27T14:30:10.2569484Z Kupón měl být discountCoupon=true/minPriceRatio=0.8800. Shoptet má CHYBÍ CELÝ ZÁZNAM. Produkt 41019 (ceník ZR8) nebyl synchronizován. -> ALERT.
reconcile	UNKNOWN STEP	2026-08-27T14:30:10.2570597Z Kupón měl být discountCoupon=true/minPriceRatio=0.8800. Shoptet má CHYBÍ CELÝ ZÁZNAM. Produkt 41760 (ceník ZR8) nebyl synchronizován. -> ALERT.
reconcile	UNKNOWN STEP	2026-08-27T14:30:10.2571711Z Kupón měl být discountCoupon=true/minPriceRatio=0.8800. Shoptet má CHYBÍ CELÝ ZÁZNAM. Produkt 41761 (ceník ZR8) nebyl synchronizován. -> ALERT.
reconcile	UNKNOWN STEP	2026-08-27T14:30:10.2572956Z Kupón měl být discountCoupon=true/minPriceRatio=0.8800. Shoptet má CHYBÍ CELÝ ZÁZNAM. Produkt 41762 (ceník ZR8) nebyl synchronizován. -> ALERT.
reconcile	UNKNOWN STEP	2026-08-27T14:30:10.2574075Z Kupón měl být discountCoupon=true/minPriceRatio=0.8800. Shoptet má CHYBÍ CELÝ ZÁZNAM. Produkt 41763 (ceník ZR8) nebyl synchronizován. -> ALERT.
reconcile	UNKNOWN STEP	2026-08-27T14:30:10.2575168Z Kupón měl být discountCoupon=true/minPriceRatio=0.8800. Shoptet má CHYBÍ CELÝ ZÁZNAM. Produkt 41764 (ceník ZR8) nebyl synchronizován. -> ALERT.
reconcile	UNKNOWN STEP	2026-08-27T14:30:10.2576261Z Kupón měl být discountCoupon=true/minPriceRatio=0.8800. Shoptet má CHYBÍ CELÝ ZÁZNAM. Produkt 41765 (ceník ZR8) nebyl synchronizován. -> ALERT.
reconcile	UNKNOWN STEP	2026-08-27T14:30:10.2577521Z Kupón měl být discountCoupon=true/minPriceRatio=0.8800. Shoptet má CHYBÍ CELÝ ZÁZNAM. Produkt 41790 (ceník ZR8) nebyl synchronizován. -> ALERT.
reconcile	UNKNOWN STEP	2026-08-27T14:30:10.2578719Z Kupón měl být discountCoupon=true/minPriceRatio=0.8800. Shoptet má CHYBÍ CELÝ ZÁZNAM. Produkt 41793 (ceník ZR8) nebyl synchronizován. -> ALERT.
reconcile	UNKNOWN STEP	2026-08-27T14:30:10.2579835Z Kupón měl být discountCoupon=true/minPriceRatio=0.8800. Shoptet má CHYBÍ CELÝ ZÁZNAM. Produkt 41812 (ceník ZR8) nebyl synchronizován. -> ALERT.
reconcile	UNKNOWN STEP	2026-08-27T14:30:10.2580929Z Kupón měl být discountCoupon=true/minPriceRatio=0.8800. Shoptet má CHYBÍ CELÝ ZÁZNAM. Produkt 41867 (ceník ZR8) nebyl synchronizován. -> ALERT.
reconcile	UNKNOWN STEP	2026-08-27T14:30:10.2582027Z Kupón měl být discountCoupon=true/minPriceRatio=0.8800. Shoptet má CHYBÍ CELÝ ZÁZNAM. Produkt 41868 (ceník ZR8) nebyl synchronizován. -> ALERT.
reconcile	UNKNOWN STEP	2026-08-27T14:30:10.2583115Z Kupón měl být discountCoupon=true/minPriceRatio=0.8800. Shoptet má CHYBÍ CELÝ ZÁZNAM. Produkt 41869 (ceník ZR8) nebyl synchronizován. -> ALERT.
reconcile	UNKNOWN STEP	2026-08-27T14:30:10.2584227Z Kupón měl být discountCoupon=true/minPriceRatio=0.8800. Shoptet má CHYBÍ CELÝ ZÁZNAM. Produkt 41870 (ceník ZR8) nebyl synchronizován. -> ALERT.
reconcile	UNKNOWN STEP	2026-08-27T14:30:10.2585315Z Kupón měl být discountCoupon=true/minPriceRatio=0.8800. Shoptet má CHYBÍ CELÝ ZÁZNAM. Produkt 41871 (ceník ZR8) nebyl synchronizován. -> ALERT.
reconcile	UNKNOWN STEP	2026-08-27T14:30:10.2586420Z Kupón měl být discountCoupon=true/minPriceRatio=0.8800. Shoptet má CHYBÍ CELÝ ZÁZNAM. Produkt 42947 (ceník ZR8) nebyl synchronizován. -> ALERT.
reconcile	UNKNOWN STEP	2026-08-27T14:30:10.2587516Z Kupón měl být discountCoupon=true/minPriceRatio=0.8800. Shoptet má CHYBÍ CELÝ ZÁZNAM. Produkt 42948 (ceník ZR8) nebyl synchronizován. -> ALERT.
reconcile	UNKNOWN STEP	2026-08-27T14:30:10.2588724Z Kupón měl být discountCoupon=true/minPriceRatio=0.8800. Shoptet má CHYBÍ CELÝ ZÁZNAM. Produkt 43749 (ceník ZR8) nebyl synchronizován. -> ALERT.
reconcile	UNKNOWN STEP	2026-08-27T14:30:10.2589824Z Kupón měl být discountCoupon=true/minPriceRatio=0.8800. Shoptet má CHYBÍ CELÝ ZÁZNAM. Produkt 43750 (ceník ZR8) nebyl synchronizován. -> ALERT.
reconcile	UNKNOWN STEP	2026-08-27T14:30:10.2590926Z Kupón měl být discountCoupon=true/minPriceRatio=0.8800. Shoptet má CHYBÍ CELÝ ZÁZNAM. Produkt 43751 (ceník ZR8) nebyl synchronizován. -> ALERT.
reconcile	UNKNOWN STEP	2026-08-27T14:30:10.2592024Z Kupón měl být discountCoupon=true/minPriceRatio=0.8800. Shoptet má CHYBÍ CELÝ ZÁZNAM. Produkt 43752 (ceník ZR8) nebyl synchronizován. -> ALERT.
reconcile	UNKNOWN STEP	2026-08-27T14:30:10.2593124Z Kupón měl být discountCoupon=true/minPriceRatio=0.8800. Shoptet má CHYBÍ CELÝ ZÁZNAM. Produkt 46439 (ceník ZR8) nebyl synchronizován. -> ALERT.
reconcile	UNKNOWN STEP	2026-08-27T14:30:10.2594256Z Kupón měl být discountCoupon=true/minPriceRatio=0.8800. Shoptet má CHYBÍ CELÝ ZÁZNAM. Produkt 46443 (ceník ZR8) nebyl synchronizován. -> ALERT.
reconcile	UNKNOWN STEP	2026-08-27T14:30:10.2595365Z Kupón měl být discountCoupon=true/minPriceRatio=0.8800. Shoptet má CHYBÍ CELÝ ZÁZNAM. Produkt 46450 (ceník ZR8) nebyl synchronizován. -> ALERT.
reconcile	UNKNOWN STEP	2026-08-27T14:30:10.2596460Z Kupón měl být discountCoupon=true/minPriceRatio=0.8800. Shoptet má CHYBÍ CELÝ ZÁZNAM. Produkt 46452 (ceník ZR8) nebyl synchronizován. -> ALERT.
reconcile	UNKNOWN STEP	2026-08-27T14:30:10.2597669Z Kupón měl být discountCoupon=true/minPriceRatio=0.8800. Shoptet má CHYBÍ CELÝ ZÁZNAM. Produkt 46536 (ceník ZR8) nebyl synchronizován. -> ALERT.
reconcile	UNKNOWN STEP	2026-08-27T14:30:10.2598769Z Kupón měl být discountCoupon=true/minPriceRatio=0.8800. Shoptet má CHYBÍ CELÝ ZÁZNAM. Produkt 46537 (ceník ZR8) nebyl synchronizován. -> ALERT.
reconcile	UNKNOWN STEP	2026-08-27T14:30:10.2600014Z Kupón měl být discountCoupon=true/minPriceRatio=0.8800. Shoptet má CHYBÍ CELÝ ZÁZNAM. Produkt 46541 (ceník ZR8) nebyl synchronizován. -> ALERT.
reconcile	UNKNOWN STEP	2026-08-27T14:30:10.2601112Z Kupón měl být discountCoupon=true/minPriceRatio=0.8800. Shoptet má CHYBÍ CELÝ ZÁZNAM. Produkt 46543 (ceník ZR8) nebyl synchronizován. -> ALERT.
reconcile	UNKNOWN STEP	2026-08-27T14:30:10.2602210Z Kupón měl být discountCoupon=true/minPriceRatio=0.8800. Shoptet má CHYBÍ CELÝ ZÁZNAM. Produkt 46966 (ceník ZR8) nebyl synchronizován. -> ALERT.
reconcile	UNKNOWN STEP	2026-08-27T14:30:10.2603331Z Kupón měl být discountCoupon=true/minPriceRatio=0.8800. Shoptet má CHYBÍ CELÝ ZÁZNAM. Produkt 46973 (ceník ZR8) nebyl synchronizován. -> ALERT.
reconcile	UNKNOWN STEP	2026-08-27T14:30:10.2604575Z Kupón měl být discountCoupon=true/minPriceRatio=0.8800. Shoptet má CHYBÍ CELÝ ZÁZNAM. Produkt 47055 (ceník ZR8) nebyl synchronizován. -> ALERT.
reconcile	UNKNOWN STEP	2026-08-27T14:30:10.2605679Z Kupón měl být discountCoupon=true/minPriceRatio=0.8800. Shoptet má CHYBÍ CELÝ ZÁZNAM. Produkt 47171 (ceník ZR8) nebyl synchronizován. -> ALERT.
reconcile	UNKNOWN STEP	2026-08-27T14:30:10.2606785Z Kupón měl být discountCoupon=true/minPriceRatio=0.8800. Shoptet má CHYBÍ CELÝ ZÁZNAM. Produkt 47405 (ceník ZR8) nebyl synchronizován. -> ALERT.
reconcile	UNKNOWN STEP	2026-08-27T14:30:10.2607985Z Kupón měl být discountCoupon=true/minPriceRatio=0.8800. Shoptet má CHYBÍ CELÝ ZÁZNAM. Produkt 47406 (ceník ZR8) nebyl synchronizován. -> ALERT.
reconcile	UNKNOWN STEP	2026-08-27T14:30:10.2609093Z Kupón měl být discountCoupon=true/minPriceRatio=0.8800. Shoptet má CHYBÍ CELÝ ZÁZNAM. Produkt 47407 (ceník ZR8) nebyl synchronizován. -> ALERT.
reconcile	UNKNOWN STEP	2026-08-27T14:30:10.2610205Z Kupón měl být discountCoupon=true/minPriceRatio=0.8800. Shoptet má CHYBÍ CELÝ ZÁZNAM. Produkt 47408 (ceník ZR8) nebyl synchronizován. -> ALERT.
reconcile	UNKNOWN STEP	2026-08-27T14:30:10.2611325Z Kupón měl být discountCoupon=true/minPriceRatio=0.8800. Shoptet má CHYBÍ CELÝ ZÁZNAM. Produkt 47409 (ceník ZR8) nebyl synchronizován. -> ALERT.
reconcile	UNKNOWN STEP	2026-08-27T14:30:10.2612418Z Kupón měl být discountCoupon=true/minPriceRatio=0.8800. Shoptet má CHYBÍ CELÝ ZÁZNAM. Produkt 47410 (ceník ZR8) nebyl synchronizován. -> ALERT.
reconcile	UNKNOWN STEP	2026-08-27T14:30:10.2613530Z Kupón měl být discountCoupon=true/minPriceRatio=0.8800. Shoptet má CHYBÍ CELÝ ZÁZNAM. Produkt 47411 (ceník ZR8) nebyl synchronizován. -> ALERT.
reconcile	UNKNOWN STEP	2026-08-27T14:30:10.2614626Z Kupón měl být discountCoupon=true/minPriceRatio=0.8800. Shoptet má CHYBÍ CELÝ ZÁZNAM. Produkt 47412 (ceník ZR8) nebyl synchronizován. -> ALERT.
reconcile	UNKNOWN STEP	2026-08-27T14:30:10.2615731Z Kupón měl být discountCoupon=true/minPriceRatio=0.8800. Shoptet má CHYBÍ CELÝ ZÁZNAM. Produkt 47413 (ceník ZR8) nebyl synchronizován. -> ALERT.
reconcile	UNKNOWN STEP	2026-08-27T14:30:10.2616837Z Kupón měl být discountCoupon=true/minPriceRatio=0.8800. Shoptet má CHYBÍ CELÝ ZÁZNAM. Produkt 47414 (ceník ZR8) nebyl synchronizován. -> ALERT.
reconcile	UNKNOWN STEP	2026-08-27T14:30:10.2618060Z Kupón měl být discountCoupon=true/minPriceRatio=0.8800. Shoptet má CHYBÍ CELÝ ZÁZNAM. Produkt 47415 (ceník ZR8) nebyl synchronizován. -> ALERT.
reconcile	UNKNOWN STEP	2026-08-27T14:30:10.2619169Z Kupón měl být discountCoupon=true/minPriceRatio=0.8800. Shoptet má CHYBÍ CELÝ ZÁZNAM. Produkt 47416 (ceník ZR8) nebyl synchronizován. -> ALERT.
reconcile	UNKNOWN STEP	2026-08-27T14:30:10.2620277Z Kupón měl být discountCoupon=true/minPriceRatio=0.8800. Shoptet má CHYBÍ CELÝ ZÁZNAM. Produkt 50933 (ceník ZR8) nebyl synchronizován. -> ALERT.
reconcile	UNKNOWN STEP	2026-08-27T14:30:10.2621387Z Kupón měl být discountCoupon=true/minPriceRatio=0.8800. Shoptet má CHYBÍ CELÝ ZÁZNAM. Produkt 50934 (ceník ZR8) nebyl synchronizován. -> ALERT.
reconcile	UNKNOWN STEP	2026-08-27T14:30:10.2622492Z Kupón měl být discountCoupon=true/minPriceRatio=0.8800. Shoptet má CHYBÍ CELÝ ZÁZNAM. Produkt 50935 (ceník ZR8) nebyl synchronizován. -> ALERT.
reconcile	UNKNOWN STEP	2026-08-27T14:30:10.2623588Z Kupón měl být discountCoupon=true/minPriceRatio=0.8800. Shoptet má CHYBÍ CELÝ ZÁZNAM. Produkt 50936 (ceník ZR8) nebyl synchronizován. -> ALERT.
reconcile	UNKNOWN STEP	2026-08-27T14:30:10.2624700Z Kupón měl být discountCoupon=true/minPriceRatio=0.8800. Shoptet má CHYBÍ CELÝ ZÁZNAM. Produkt 50937 (ceník ZR8) nebyl synchronizován. -> ALERT.
reconcile	UNKNOWN STEP	2026-08-27T14:30:10.2625800Z Kupón měl být discountCoupon=true/minPriceRatio=0.8800. Shoptet má CHYBÍ CELÝ ZÁZNAM. Produkt 50938 (ceník ZR8) nebyl synchronizován. -> ALERT.
reconcile	UNKNOWN STEP	2026-08-27T14:30:10.2627042Z Kupón měl být discountCoupon=true/minPriceRatio=0.8800. Shoptet má CHYBÍ CELÝ ZÁZNAM. Produkt 50940 (ceník ZR8) nebyl synchronizován. -> ALERT.
reconcile	UNKNOWN STEP	2026-08-27T14:30:10.2628313Z Kupón měl být discountCoupon=true/minPriceRatio=0.9800. Shoptet má CHYBÍ CELÝ ZÁZNAM. Produkt 55907 (ceník ZR8) nebyl synchronizován. -> ALERT.
reconcile	UNKNOWN STEP	2026-08-27T14:30:10.2629461Z Kupón měl být discountCoupon=false/minPriceRatio=1.0000. Shoptet má CHYBÍ CELÝ ZÁZNAM. Produkt 55908 (ceník ZR8) nebyl synchronizován. -> ALERT.
reconcile	UNKNOWN STEP	2026-08-27T14:30:10.2630588Z Kupón měl být discountCoupon=true/minPriceRatio=0.9800. Shoptet má CHYBÍ CELÝ ZÁZNAM. Produkt 55909 (ceník ZR8) nebyl synchronizován. -> ALERT.
reconcile	UNKNOWN STEP	2026-08-27T14:30:10.2631852Z Kupón měl být discountCoupon=true/minPriceRatio=0.9800. Shoptet má CHYBÍ CELÝ ZÁZNAM. Produkt 55910 (ceník ZR8) nebyl synchronizován. -> ALERT.
reconcile	UNKNOWN STEP	2026-08-27T14:30:10.2632950Z Kupón měl být discountCoupon=true/minPriceRatio=0.9800. Shoptet má CHYBÍ CELÝ ZÁZNAM. Produkt 55911 (ceník ZR8) nebyl synchronizován. -> ALERT.
reconcile	UNKNOWN STEP	2026-08-27T14:30:10.2634080Z Kupón měl být discountCoupon=false/minPriceRatio=1.0000. Shoptet má CHYBÍ CELÝ ZÁZNAM. Produkt 56328 (ceník ZR8) nebyl synchronizován. -> ALERT.
reconcile	UNKNOWN STEP	2026-08-27T14:30:10.2635189Z Kupón měl být discountCoupon=true/minPriceRatio=0.9800. Shoptet má CHYBÍ CELÝ ZÁZNAM. Produkt 56329 (ceník ZR8) nebyl synchronizován. -> ALERT.
reconcile	UNKNOWN STEP	2026-08-27T14:30:10.2636287Z Kupón měl být discountCoupon=true/minPriceRatio=0.9800. Shoptet má CHYBÍ CELÝ ZÁZNAM. Produkt 56330 (ceník ZR8) nebyl synchronizován. -> ALERT.
reconcile	UNKNOWN STEP	2026-08-27T14:30:10.2637415Z Kupón měl být discountCoupon=true/minPriceRatio=0.9800. Shoptet má CHYBÍ CELÝ ZÁZNAM. Produkt 56331 (ceník ZR8) nebyl synchronizován. -> ALERT.
reconcile	UNKNOWN STEP	2026-08-27T14:30:10.2638643Z Kupón měl být discountCoupon=true/minPriceRatio=0.8800. Shoptet má CHYBÍ CELÝ ZÁZNAM. Produkt 58787 (ceník ZR8) nebyl synchronizován. -> ALERT.
reconcile	UNKNOWN STEP	2026-08-27T14:30:10.2639749Z Kupón měl být discountCoupon=true/minPriceRatio=0.8800. Shoptet má CHYBÍ CELÝ ZÁZNAM. Produkt 59721 (ceník ZR8) nebyl synchronizován. -> ALERT.
reconcile	UNKNOWN STEP	2026-08-27T14:30:10.2640852Z Kupón měl být discountCoupon=true/minPriceRatio=0.8800. Shoptet má CHYBÍ CELÝ ZÁZNAM. Produkt 59724 (ceník ZR8) nebyl synchronizován. -> ALERT.
reconcile	UNKNOWN STEP	2026-08-27T14:30:10.2641962Z Kupón měl být discountCoupon=true/minPriceRatio=0.8800. Shoptet má CHYBÍ CELÝ ZÁZNAM. Produkt 62362 (ceník ZR8) nebyl synchronizován. -> ALERT.
reconcile	UNKNOWN STEP	2026-08-27T14:30:10.2643051Z Kupón měl být discountCoupon=true/minPriceRatio=0.8800. Shoptet má CHYBÍ CELÝ ZÁZNAM. Produkt 64579 (ceník ZR8) nebyl synchronizován. -> ALERT.
reconcile	UNKNOWN STEP	2026-08-27T14:30:10.2644165Z Kupón měl být discountCoupon=true/minPriceRatio=0.8800. Shoptet má CHYBÍ CELÝ ZÁZNAM. Produkt 64581 (ceník ZR8) nebyl synchronizován. -> ALERT.
reconcile	UNKNOWN STEP	2026-08-27T14:30:10.2645263Z Kupón měl být discountCoupon=true/minPriceRatio=0.8800. Shoptet má CHYBÍ CELÝ ZÁZNAM. Produkt 64582 (ceník ZR8) nebyl synchronizován. -> ALERT.
reconcile	UNKNOWN STEP	2026-08-27T14:30:10.2646356Z Kupón měl být discountCoupon=true/minPriceRatio=0.8800. Shoptet má CHYBÍ CELÝ ZÁZNAM. Produkt 65804 (ceník ZR8) nebyl synchronizován. -> ALERT.
reconcile	UNKNOWN STEP	2026-08-27T14:30:10.2647462Z Kupón měl být discountCoupon=true/minPriceRatio=0.8800. Shoptet má CHYBÍ CELÝ ZÁZNAM. Produkt 65806 (ceník ZR8) nebyl synchronizován. -> ALERT.
reconcile	UNKNOWN STEP	2026-08-27T14:30:10.2648659Z Kupón měl být discountCoupon=true/minPriceRatio=0.8800. Shoptet má CHYBÍ CELÝ ZÁZNAM. Produkt 65807 (ceník ZR8) nebyl synchronizován. -> ALERT.
reconcile	UNKNOWN STEP	2026-08-27T14:30:10.2649759Z Kupón měl být discountCoupon=true/minPriceRatio=0.8800. Shoptet má CHYBÍ CELÝ ZÁZNAM. Produkt 65808 (ceník ZR8) nebyl synchronizován. -> ALERT.
reconcile	UNKNOWN STEP	2026-08-27T14:30:10.2650863Z Kupón měl být discountCoupon=true/minPriceRatio=0.8800. Shoptet má CHYBÍ CELÝ ZÁZNAM. Produkt 65809 (ceník ZR8) nebyl synchronizován. -> ALERT.
reconcile	UNKNOWN STEP	2026-08-27T14:30:10.2651974Z Kupón měl být discountCoupon=true/minPriceRatio=0.8800. Shoptet má CHYBÍ CELÝ ZÁZNAM. Produkt 65810 (ceník ZR8) nebyl synchronizován. -> ALERT.
reconcile	UNKNOWN STEP	2026-08-27T14:30:10.2653220Z Kupón měl být discountCoupon=true/minPriceRatio=0.8800. Shoptet má CHYBÍ CELÝ ZÁZNAM. Produkt 66756 (ceník ZR8) nebyl synchronizován. -> ALERT.
reconcile	UNKNOWN STEP	2026-08-27T14:30:10.2654778Z Kupón měl být discountCoupon=true/minPriceRatio=0.8800. Shoptet má CHYBÍ CELÝ ZÁZNAM. Produkt 66783 (ceník ZR8) nebyl synchronizován. -> ALERT.
reconcile	UNKNOWN STEP	2026-08-27T14:30:10.2655887Z Kupón měl být discountCoupon=true/minPriceRatio=0.8800. Shoptet má CHYBÍ CELÝ ZÁZNAM. Produkt 66789 (ceník ZR8) nebyl synchronizován. -> ALERT.
reconcile	UNKNOWN STEP	2026-08-27T14:30:10.2656997Z Kupón měl být discountCoupon=true/minPriceRatio=0.8800. Shoptet má CHYBÍ CELÝ ZÁZNAM. Produkt 68181 (ceník ZR8) nebyl synchronizován. -> ALERT.
reconcile	UNKNOWN STEP	2026-08-27T14:30:10.2658419Z Kupón měl být discountCoupon=true/minPriceRatio=0.8897. Shoptet má CHYBÍ CELÝ ZÁZNAM. Produkt 68182 (ceník ZR8) nebyl synchronizován. -> ALERT.
reconcile	UNKNOWN STEP	2026-08-27T14:30:10.2659514Z Kupón měl být discountCoupon=true/minPriceRatio=0.8885. Shoptet má CHYBÍ CELÝ ZÁZNAM. Produkt 68309 (ceník ZR8) nebyl synchronizován. -> ALERT.
reconcile	UNKNOWN STEP	2026-08-27T14:30:10.2660627Z Kupón měl být discountCoupon=true/minPriceRatio=0.8800. Shoptet má CHYBÍ CELÝ ZÁZNAM. Produkt 68313 (ceník ZR8) nebyl synchronizován. -> ALERT.
reconcile	UNKNOWN STEP	2026-08-27T14:30:10.2661727Z Kupón měl být discountCoupon=true/minPriceRatio=0.8800. Shoptet má CHYBÍ CELÝ ZÁZNAM. Produkt 68319 (ceník ZR8) nebyl synchronizován. -> ALERT.
reconcile	UNKNOWN STEP	2026-08-27T14:30:10.2662837Z Kupón měl být discountCoupon=true/minPriceRatio=0.8901. Shoptet má CHYBÍ CELÝ ZÁZNAM. Produkt 68521 (ceník ZR8) nebyl synchronizován. -> ALERT.
reconcile	UNKNOWN STEP	2026-08-27T14:30:10.2663937Z Kupón měl být discountCoupon=true/minPriceRatio=0.8800. Shoptet má CHYBÍ CELÝ ZÁZNAM. Produkt 68522 (ceník ZR8) nebyl synchronizován. -> ALERT.
reconcile	UNKNOWN STEP	2026-08-27T14:30:10.2665065Z Kupón měl být discountCoupon=true/minPriceRatio=0.8800. Shoptet má CHYBÍ CELÝ ZÁZNAM. Produkt 68523 (ceník ZR8) nebyl synchronizován. -> ALERT.
reconcile	UNKNOWN STEP	2026-08-27T14:30:10.2666159Z Kupón měl být discountCoupon=true/minPriceRatio=0.8800. Shoptet má CHYBÍ CELÝ ZÁZNAM. Produkt 68524 (ceník ZR8) nebyl synchronizován. -> ALERT.
reconcile	UNKNOWN STEP	2026-08-27T14:30:10.2667262Z Kupón měl být discountCoupon=true/minPriceRatio=0.8800. Shoptet má CHYBÍ CELÝ ZÁZNAM. Produkt 77666 (ceník ZR8) nebyl synchronizován. -> ALERT.
reconcile	UNKNOWN STEP	2026-08-27T14:30:10.2668494Z Kupón měl být discountCoupon=true/minPriceRatio=0.8800. Shoptet má CHYBÍ CELÝ ZÁZNAM. Produkt 77668 (ceník ZR8) nebyl synchronizován. -> ALERT.
reconcile	UNKNOWN STEP	2026-08-27T14:30:10.2669599Z Kupón měl být discountCoupon=true/minPriceRatio=0.8800. Shoptet má CHYBÍ CELÝ ZÁZNAM. Produkt 77669 (ceník ZR8) nebyl synchronizován. -> ALERT.
reconcile	UNKNOWN STEP	2026-08-27T14:30:10.2670691Z Kupón měl být discountCoupon=true/minPriceRatio=0.8800. Shoptet má CHYBÍ CELÝ ZÁZNAM. Produkt 77670 (ceník ZR8) nebyl synchronizován. -> ALERT.
reconcile	UNKNOWN STEP	2026-08-27T14:30:10.2671803Z Kupón měl být discountCoupon=true/minPriceRatio=0.8800. Shoptet má CHYBÍ CELÝ ZÁZNAM. Produkt 77671 (ceník ZR8) nebyl synchronizován. -> ALERT.
reconcile	UNKNOWN STEP	2026-08-27T14:30:10.2672902Z Kupón měl být discountCoupon=true/minPriceRatio=0.8800. Shoptet má CHYBÍ CELÝ ZÁZNAM. Produkt 77672 (ceník ZR8) nebyl synchronizován. -> ALERT.
reconcile	UNKNOWN STEP	2026-08-27T14:30:10.2674154Z Kupón měl být discountCoupon=true/minPriceRatio=0.8800. Shoptet má CHYBÍ CELÝ ZÁZNAM. Produkt 77673 (ceník ZR8) nebyl synchronizován. -> ALERT.
reconcile	UNKNOWN STEP	2026-08-27T14:30:10.2675250Z Kupón měl být discountCoupon=true/minPriceRatio=0.8800. Shoptet má CHYBÍ CELÝ ZÁZNAM. Produkt 77674 (ceník ZR8) nebyl synchronizován. -> ALERT.
reconcile	UNKNOWN STEP	2026-08-27T14:30:10.2676352Z Kupón měl být discountCoupon=true/minPriceRatio=0.8800. Shoptet má CHYBÍ CELÝ ZÁZNAM. Produkt 77825 (ceník ZR8) nebyl synchronizován. -> ALERT.
reconcile	UNKNOWN STEP	2026-08-27T14:30:10.2677484Z Kupón měl být discountCoupon=true/minPriceRatio=0.8800. Shoptet má CHYBÍ CELÝ ZÁZNAM. Produkt 77840 (ceník ZR8) nebyl synchronizován. -> ALERT.
reconcile	UNKNOWN STEP	2026-08-27T14:30:10.2678900Z Kupón měl být discountCoupon=true/minPriceRatio=0.8800. Shoptet má CHYBÍ CELÝ ZÁZNAM. Produkt 77841 (ceník ZR8) nebyl synchronizován. -> ALERT.
reconcile	UNKNOWN STEP	2026-08-27T14:30:10.2679999Z Kupón měl být discountCoupon=true/minPriceRatio=0.8800. Shoptet má CHYBÍ CELÝ ZÁZNAM. Produkt 77842 (ceník ZR8) nebyl synchronizován. -> ALERT.
reconcile	UNKNOWN STEP	2026-08-27T14:30:10.2681100Z Kupón měl být discountCoupon=true/minPriceRatio=0.8800. Shoptet má CHYBÍ CELÝ ZÁZNAM. Produkt 77843 (ceník ZR8) nebyl synchronizován. -> ALERT.
reconcile	UNKNOWN STEP	2026-08-27T14:30:10.2682204Z Kupón měl být discountCoupon=true/minPriceRatio=0.8800. Shoptet má CHYBÍ CELÝ ZÁZNAM. Produkt 77844 (ceník ZR8) nebyl synchronizován. -> ALERT.
reconcile	UNKNOWN STEP	2026-08-27T14:30:10.2683298Z Kupón měl být discountCoupon=true/minPriceRatio=0.8800. Shoptet má CHYBÍ CELÝ ZÁZNAM. Produkt 77853 (ceník ZR8) nebyl synchronizován. -> ALERT.
reconcile	UNKNOWN STEP	2026-08-27T14:30:10.2684419Z Kupón měl být discountCoupon=true/minPriceRatio=0.8800. Shoptet má CHYBÍ CELÝ ZÁZNAM. Produkt 77855 (ceník ZR8) nebyl synchronizován. -> ALERT.
reconcile	UNKNOWN STEP	2026-08-27T14:30:10.2685523Z Kupón měl být discountCoupon=true/minPriceRatio=0.8800. Shoptet má CHYBÍ CELÝ ZÁZNAM. Produkt 77856 (ceník ZR8) nebyl synchronizován. -> ALERT.
reconcile	UNKNOWN STEP	2026-08-27T14:30:10.2686625Z Kupón měl být discountCoupon=true/minPriceRatio=0.8800. Shoptet má CHYBÍ CELÝ ZÁZNAM. Produkt 77857 (ceník ZR8) nebyl synchronizován. -> ALERT.
reconcile	UNKNOWN STEP	2026-08-27T14:30:10.2687865Z Kupón měl být discountCoupon=true/minPriceRatio=0.8800. Shoptet má CHYBÍ CELÝ ZÁZNAM. Produkt 77858 (ceník ZR8) nebyl synchronizován. -> ALERT.
reconcile	UNKNOWN STEP	2026-08-27T14:30:10.2688970Z Kupón měl být discountCoupon=true/minPriceRatio=0.8800. Shoptet má CHYBÍ CELÝ ZÁZNAM. Produkt 77859 (ceník ZR8) nebyl synchronizován. -> ALERT.
reconcile	UNKNOWN STEP	2026-08-27T14:30:10.2690068Z Kupón měl být discountCoupon=true/minPriceRatio=0.8800. Shoptet má CHYBÍ CELÝ ZÁZNAM. Produkt 77860 (ceník ZR8) nebyl synchronizován. -> ALERT.
reconcile	UNKNOWN STEP	2026-08-27T14:30:10.2691162Z Kupón měl být discountCoupon=true/minPriceRatio=0.8800. Shoptet má CHYBÍ CELÝ ZÁZNAM. Produkt 77864 (ceník ZR8) nebyl synchronizován. -> ALERT.
reconcile	UNKNOWN STEP	2026-08-27T14:30:10.2692278Z Kupón měl být discountCoupon=true/minPriceRatio=0.8800. Shoptet má CHYBÍ CELÝ ZÁZNAM. Produkt 77868 (ceník ZR8) nebyl synchronizován. -> ALERT.
reconcile	UNKNOWN STEP	2026-08-27T14:30:10.2693377Z Kupón měl být discountCoupon=true/minPriceRatio=0.8800. Shoptet má CHYBÍ CELÝ ZÁZNAM. Produkt 77870 (ceník ZR8) nebyl synchronizován. -> ALERT.
reconcile	UNKNOWN STEP	2026-08-27T14:30:10.2694488Z Kupón měl být discountCoupon=true/minPriceRatio=0.8800. Shoptet má CHYBÍ CELÝ ZÁZNAM. Produkt 77871 (ceník ZR8) nebyl synchronizován. -> ALERT.
reconcile	UNKNOWN STEP	2026-08-27T14:30:10.2695589Z Kupón měl být discountCoupon=true/minPriceRatio=0.8800. Shoptet má CHYBÍ CELÝ ZÁZNAM. Produkt 77872 (ceník ZR8) nebyl synchronizován. -> ALERT.
reconcile	UNKNOWN STEP	2026-08-27T14:30:10.2696679Z Kupón měl být discountCoupon=true/minPriceRatio=0.8800. Shoptet má CHYBÍ CELÝ ZÁZNAM. Produkt 79234 (ceník ZR8) nebyl synchronizován. -> ALERT.
reconcile	UNKNOWN STEP	2026-08-27T14:30:10.2697869Z Kupón měl být discountCoupon=true/minPriceRatio=0.8800. Shoptet má CHYBÍ CELÝ ZÁZNAM. Produkt 79236 (ceník ZR8) nebyl synchronizován. -> ALERT.
reconcile	UNKNOWN STEP	2026-08-27T14:30:10.2698974Z Kupón měl být discountCoupon=true/minPriceRatio=0.8800. Shoptet má CHYBÍ CELÝ ZÁZNAM. Produkt 88595 (ceník ZR8) nebyl synchronizován. -> ALERT.
reconcile	UNKNOWN STEP	2026-08-27T14:30:10.2700069Z Kupón měl být discountCoupon=true/minPriceRatio=0.8800. Shoptet má CHYBÍ CELÝ ZÁZNAM. Produkt 88596 (ceník ZR8) nebyl synchronizován. -> ALERT.
reconcile	UNKNOWN STEP	2026-08-27T14:30:10.2701335Z Kupón měl být discountCoupon=true/minPriceRatio=0.8800. Shoptet má CHYBÍ CELÝ ZÁZNAM. Produkt 88598 (ceník ZR8) nebyl synchronizován. -> ALERT.
reconcile	UNKNOWN STEP	2026-08-27T14:30:10.2702454Z Kupón měl být discountCoupon=true/minPriceRatio=0.8800. Shoptet má CHYBÍ CELÝ ZÁZNAM. Produkt 88762 (ceník ZR8) nebyl synchronizován. -> ALERT.
reconcile	UNKNOWN STEP	2026-08-27T14:30:10.2703555Z Kupón měl být discountCoupon=true/minPriceRatio=0.8800. Shoptet má CHYBÍ CELÝ ZÁZNAM. Produkt 88872 (ceník ZR8) nebyl synchronizován. -> ALERT.
reconcile	UNKNOWN STEP	2026-08-27T14:30:10.2704640Z Kupón měl být discountCoupon=true/minPriceRatio=0.8800. Shoptet má CHYBÍ CELÝ ZÁZNAM. Produkt 88875 (ceník ZR8) nebyl synchronizován. -> ALERT.
reconcile	UNKNOWN STEP	2026-08-27T14:30:10.2705890Z Kupón měl být discountCoupon=true/minPriceRatio=0.8800. Shoptet má CHYBÍ CELÝ ZÁZNAM. Produkt 97054 (ceník ZR8) nebyl synchronizován. -> ALERT.
reconcile	UNKNOWN STEP	2026-08-27T14:30:10.2707008Z Kupón měl být discountCoupon=true/minPriceRatio=0.8800. Shoptet má CHYBÍ CELÝ ZÁZNAM. Produkt 97173 (ceník ZR8) nebyl synchronizován. -> ALERT.
reconcile	UNKNOWN STEP	2026-08-27T14:30:10.2708667Z Kupón měl být discountCoupon=true/minPriceRatio=0.8800. Shoptet má CHYBÍ CELÝ ZÁZNAM. Produkt 97176 (ceník ZR8) nebyl synchronizován. -> ALERT.
reconcile	UNKNOWN STEP	2026-08-27T14:30:10.2709923Z Kupón měl být discountCoupon=true/minPriceRatio=0.8800. Shoptet má CHYBÍ CELÝ ZÁZNAM. Produkt 97177 (ceník ZR8) nebyl synchronizován. -> ALERT.
reconcile	UNKNOWN STEP	2026-08-27T14:30:10.2711034Z Kupón měl být discountCoupon=true/minPriceRatio=0.8800. Shoptet má CHYBÍ CELÝ ZÁZNAM. Produkt 97290 (ceník ZR8) nebyl synchronizován. -> ALERT.
reconcile	UNKNOWN STEP	2026-08-27T14:30:10.2712146Z Kupón měl být discountCoupon=true/minPriceRatio=0.8800. Shoptet má CHYBÍ CELÝ ZÁZNAM. Produkt 97629 (ceník ZR8) nebyl synchronizován. -> ALERT.
reconcile	UNKNOWN STEP	2026-08-27T14:30:10.2713276Z Kupón měl být discountCoupon=true/minPriceRatio=0.8800. Shoptet má CHYBÍ CELÝ ZÁZNAM. Produkt 97630 (ceník ZR8) nebyl synchronizován. -> ALERT.
reconcile	UNKNOWN STEP	2026-08-27T14:30:10.2714403Z Kupón měl být discountCoupon=true/minPriceRatio=0.9000. Shoptet má CHYBÍ CELÝ ZÁZNAM. Produkt 100464 (ceník ZR10) nebyl synchronizován. -> ALERT.
reconcile	UNKNOWN STEP	2026-08-27T14:30:10.2715539Z Kupón měl být discountCoupon=true/minPriceRatio=0.9000. Shoptet má CHYBÍ CELÝ ZÁZNAM. Produkt 100465 (ceník ZR10) nebyl synchronizován. -> ALERT.
reconcile	UNKNOWN STEP	2026-08-27T14:30:10.2716675Z Kupón měl být discountCoupon=true/minPriceRatio=0.9000. Shoptet má CHYBÍ CELÝ ZÁZNAM. Produkt 100467 (ceník ZR10) nebyl synchronizován. -> ALERT.
reconcile	UNKNOWN STEP	2026-08-27T14:30:10.2717937Z Kupón měl být discountCoupon=true/minPriceRatio=0.9000. Shoptet má CHYBÍ CELÝ ZÁZNAM. Produkt 100468 (ceník ZR10) nebyl synchronizován. -> ALERT.
reconcile	UNKNOWN STEP	2026-08-27T14:30:10.2719092Z Kupón měl být discountCoupon=true/minPriceRatio=0.9000. Shoptet má CHYBÍ CELÝ ZÁZNAM. Produkt 100469 (ceník ZR10) nebyl synchronizován. -> ALERT.
reconcile	UNKNOWN STEP	2026-08-27T14:30:10.2720207Z Kupón měl být discountCoupon=true/minPriceRatio=0.9000. Shoptet má CHYBÍ CELÝ ZÁZNAM. Produkt 100580 (ceník ZR10) nebyl synchronizován. -> ALERT.
reconcile	UNKNOWN STEP	2026-08-27T14:30:10.2721317Z Kupón měl být discountCoupon=true/minPriceRatio=0.9000. Shoptet má CHYBÍ CELÝ ZÁZNAM. Produkt 100594 (ceník ZR10) nebyl synchronizován. -> ALERT.
reconcile	UNKNOWN STEP	2026-08-27T14:30:10.2722438Z Kupón měl být discountCoupon=true/minPriceRatio=0.9000. Shoptet má CHYBÍ CELÝ ZÁZNAM. Produkt 100595 (ceník ZR10) nebyl synchronizován. -> ALERT.
reconcile	UNKNOWN STEP	2026-08-27T14:30:10.2723543Z Kupón měl být discountCoupon=true/minPriceRatio=0.9000. Shoptet má CHYBÍ CELÝ ZÁZNAM. Produkt 100597 (ceník ZR10) nebyl synchronizován. -> ALERT.
reconcile	UNKNOWN STEP	2026-08-27T14:30:10.2724657Z Kupón měl být discountCoupon=true/minPriceRatio=0.9000. Shoptet má CHYBÍ CELÝ ZÁZNAM. Produkt 100598 (ceník ZR10) nebyl synchronizován. -> ALERT.
reconcile	UNKNOWN STEP	2026-08-27T14:30:10.2725773Z Kupón měl být discountCoupon=true/minPriceRatio=0.9000. Shoptet má CHYBÍ CELÝ ZÁZNAM. Produkt 100599 (ceník ZR10) nebyl synchronizován. -> ALERT.
reconcile	UNKNOWN STEP	2026-08-27T14:30:10.2726882Z Kupón měl být discountCoupon=true/minPriceRatio=0.9000. Shoptet má CHYBÍ CELÝ ZÁZNAM. Produkt 100659 (ceník ZR10) nebyl synchronizován. -> ALERT.
reconcile	UNKNOWN STEP	2026-08-27T14:30:10.2728251Z Kupón měl být discountCoupon=true/minPriceRatio=0.9000. Shoptet má CHYBÍ CELÝ ZÁZNAM. Produkt 100769 (ceník ZR10) nebyl synchronizován. -> ALERT.
reconcile	UNKNOWN STEP	2026-08-27T14:30:10.2729405Z Kupón měl být discountCoupon=true/minPriceRatio=0.9000. Shoptet má CHYBÍ CELÝ ZÁZNAM. Produkt 100770 (ceník ZR10) nebyl synchronizován. -> ALERT.
reconcile	UNKNOWN STEP	2026-08-27T14:30:10.2730532Z Kupón měl být discountCoupon=true/minPriceRatio=0.9000. Shoptet má CHYBÍ CELÝ ZÁZNAM. Produkt 100771 (ceník ZR10) nebyl synchronizován. -> ALERT.
reconcile	UNKNOWN STEP	2026-08-27T14:30:10.2731640Z Kupón měl být discountCoupon=true/minPriceRatio=0.9000. Shoptet má CHYBÍ CELÝ ZÁZNAM. Produkt 100772 (ceník ZR10) nebyl synchronizován. -> ALERT.
reconcile	UNKNOWN STEP	2026-08-27T14:30:10.2732887Z Kupón měl být discountCoupon=true/minPriceRatio=0.9000. Shoptet má CHYBÍ CELÝ ZÁZNAM. Produkt 100773 (ceník ZR10) nebyl synchronizován. -> ALERT.
reconcile	UNKNOWN STEP	2026-08-27T14:30:10.2733992Z Kupón měl být discountCoupon=true/minPriceRatio=0.9000. Shoptet má CHYBÍ CELÝ ZÁZNAM. Produkt 100774 (ceník ZR10) nebyl synchronizován. -> ALERT.
reconcile	UNKNOWN STEP	2026-08-27T14:30:10.2735112Z Kupón měl být discountCoupon=true/minPriceRatio=0.9000. Shoptet má CHYBÍ CELÝ ZÁZNAM. Produkt 101591 (ceník ZR10) nebyl synchronizován. -> ALERT.
reconcile	UNKNOWN STEP	2026-08-27T14:30:10.2736221Z Kupón měl být discountCoupon=true/minPriceRatio=0.9000. Shoptet má CHYBÍ CELÝ ZÁZNAM. Produkt 101594 (ceník ZR10) nebyl synchronizován. -> ALERT.
reconcile	UNKNOWN STEP	2026-08-27T14:30:10.2737327Z Kupón měl být discountCoupon=true/minPriceRatio=0.9000. Shoptet má CHYBÍ CELÝ ZÁZNAM. Produkt 101816 (ceník ZR10) nebyl synchronizován. -> ALERT.
reconcile	UNKNOWN STEP	2026-08-27T14:30:10.2738545Z Kupón měl být discountCoupon=true/minPriceRatio=0.9000. Shoptet má CHYBÍ CELÝ ZÁZNAM. Produkt 101817 (ceník ZR10) nebyl synchronizován. -> ALERT.
reconcile	UNKNOWN STEP	2026-08-27T14:30:10.2739668Z Kupón měl být discountCoupon=true/minPriceRatio=0.9000. Shoptet má CHYBÍ CELÝ ZÁZNAM. Produkt 101818 (ceník ZR10) nebyl synchronizován. -> ALERT.
reconcile	UNKNOWN STEP	2026-08-27T14:30:10.2740781Z Kupón měl být discountCoupon=true/minPriceRatio=0.9000. Shoptet má CHYBÍ CELÝ ZÁZNAM. Produkt 104257 (ceník ZR10) nebyl synchronizován. -> ALERT.
reconcile	UNKNOWN STEP	2026-08-27T14:30:10.2741927Z Kupón měl být discountCoupon=false/minPriceRatio=1.0000. Shoptet má CHYBÍ CELÝ ZÁZNAM. Produkt 109021 (ceník ZR10) nebyl synchronizován. -> ALERT.
reconcile	UNKNOWN STEP	2026-08-27T14:30:10.2743381Z Kupón měl být discountCoupon=false/minPriceRatio=1.0000. Shoptet má CHYBÍ CELÝ ZÁZNAM. Produkt 109023 (ceník ZR10) nebyl synchronizován. -> ALERT.
reconcile	UNKNOWN STEP	2026-08-27T14:30:10.2745247Z Kupón měl být discountCoupon=true/minPriceRatio=0.9000. Shoptet má CHYBÍ CELÝ ZÁZNAM. Produkt 110001 (ceník ZR10) nebyl synchronizován. -> ALERT.
reconcile	UNKNOWN STEP	2026-08-27T14:30:10.2747154Z Kupón měl být discountCoupon=true/minPriceRatio=0.9000. Shoptet má CHYBÍ CELÝ ZÁZNAM. Produkt 110002 (ceník ZR10) nebyl synchronizován. -> ALERT.
reconcile	UNKNOWN STEP	2026-08-27T14:30:10.2749213Z Kupón měl být discountCoupon=true/minPriceRatio=0.9000. Shoptet má CHYBÍ CELÝ ZÁZNAM. Produkt 110007 (ceník ZR10) nebyl synchronizován. -> ALERT.
reconcile	UNKNOWN STEP	2026-08-27T14:30:10.2750753Z Kupón měl být discountCoupon=true/minPriceRatio=0.9000. Shoptet má CHYBÍ CELÝ ZÁZNAM. Produkt 110009 (ceník ZR10) nebyl synchronizován. -> ALERT.
reconcile	UNKNOWN STEP	2026-08-27T14:30:10.2751890Z Kupón měl být discountCoupon=true/minPriceRatio=0.9000. Shoptet má CHYBÍ CELÝ ZÁZNAM. Produkt 110010 (ceník ZR10) nebyl synchronizován. -> ALERT.
reconcile	UNKNOWN STEP	2026-08-27T14:30:10.2753002Z Kupón měl být discountCoupon=true/minPriceRatio=0.9000. Shoptet má CHYBÍ CELÝ ZÁZNAM. Produkt 110012 (ceník ZR10) nebyl synchronizován. -> ALERT.
reconcile	UNKNOWN STEP	2026-08-27T14:30:10.2754110Z Kupón měl být discountCoupon=true/minPriceRatio=0.9000. Shoptet má CHYBÍ CELÝ ZÁZNAM. Produkt 110014 (ceník ZR10) nebyl synchronizován. -> ALERT.
reconcile	UNKNOWN STEP	2026-08-27T14:30:10.2755222Z Kupón měl být discountCoupon=true/minPriceRatio=0.9000. Shoptet má CHYBÍ CELÝ ZÁZNAM. Produkt 110015 (ceník ZR10) nebyl synchronizován. -> ALERT.
reconcile	UNKNOWN STEP	2026-08-27T14:30:10.2756342Z Kupón měl být discountCoupon=true/minPriceRatio=0.9000. Shoptet má CHYBÍ CELÝ ZÁZNAM. Produkt 110016 (ceník ZR10) nebyl synchronizován. -> ALERT.
reconcile	UNKNOWN STEP	2026-08-27T14:30:10.2757452Z Kupón měl být discountCoupon=true/minPriceRatio=0.9000. Shoptet má CHYBÍ CELÝ ZÁZNAM. Produkt 110017 (ceník ZR10) nebyl synchronizován. -> ALERT.
reconcile	UNKNOWN STEP	2026-08-27T14:30:10.2758991Z Kupón měl být discountCoupon=true/minPriceRatio=0.9000. Shoptet má CHYBÍ CELÝ ZÁZNAM. Produkt 110019 (ceník ZR10) nebyl synchronizován. -> ALERT.
reconcile	UNKNOWN STEP	2026-08-27T14:30:10.2760106Z Kupón měl být discountCoupon=true/minPriceRatio=0.9000. Shoptet má CHYBÍ CELÝ ZÁZNAM. Produkt 110020 (ceník ZR10) nebyl synchronizován. -> ALERT.
reconcile	UNKNOWN STEP	2026-08-27T14:30:10.2761207Z Kupón měl být discountCoupon=true/minPriceRatio=0.9000. Shoptet má CHYBÍ CELÝ ZÁZNAM. Produkt 110021 (ceník ZR10) nebyl synchronizován. -> ALERT.
reconcile	UNKNOWN STEP	2026-08-27T14:30:10.2762317Z Kupón měl být discountCoupon=true/minPriceRatio=0.9000. Shoptet má CHYBÍ CELÝ ZÁZNAM. Produkt 110022 (ceník ZR10) nebyl synchronizován. -> ALERT.
reconcile	UNKNOWN STEP	2026-08-27T14:30:10.2763576Z Kupón měl být discountCoupon=true/minPriceRatio=0.9000. Shoptet má CHYBÍ CELÝ ZÁZNAM. Produkt 110023 (ceník ZR10) nebyl synchronizován. -> ALERT.
reconcile	UNKNOWN STEP	2026-08-27T14:30:10.2764682Z Kupón měl být discountCoupon=true/minPriceRatio=0.9000. Shoptet má CHYBÍ CELÝ ZÁZNAM. Produkt 110024 (ceník ZR10) nebyl synchronizován. -> ALERT.
reconcile	UNKNOWN STEP	2026-08-27T14:30:10.2765828Z Kupón měl být discountCoupon=true/minPriceRatio=0.9000. Shoptet má CHYBÍ CELÝ ZÁZNAM. Produkt 110036 (ceník ZR10) nebyl synchronizován. -> ALERT.
reconcile	UNKNOWN STEP	2026-08-27T14:30:10.2766947Z Kupón měl být discountCoupon=true/minPriceRatio=0.9000. Shoptet má CHYBÍ CELÝ ZÁZNAM. Produkt 110037 (ceník ZR10) nebyl synchronizován. -> ALERT.
reconcile	UNKNOWN STEP	2026-08-27T14:30:10.2768181Z Kupón měl být discountCoupon=false/minPriceRatio=1.0000. Shoptet má CHYBÍ CELÝ ZÁZNAM. Produkt 29983 (ceník ZR10) nebyl synchronizován. -> ALERT.
reconcile	UNKNOWN STEP	2026-08-27T14:30:10.2769325Z Kupón měl být discountCoupon=false/minPriceRatio=1.0000. Shoptet má CHYBÍ CELÝ ZÁZNAM. Produkt 29985 (ceník ZR10) nebyl synchronizován. -> ALERT.
reconcile	UNKNOWN STEP	2026-08-27T14:30:10.2770439Z Kupón měl být discountCoupon=false/minPriceRatio=1.0000. Shoptet má CHYBÍ CELÝ ZÁZNAM. Produkt 29986 (ceník ZR10) nebyl synchronizován. -> ALERT.
reconcile	UNKNOWN STEP	2026-08-27T14:30:10.2771560Z Kupón měl být discountCoupon=true/minPriceRatio=0.9000. Shoptet má CHYBÍ CELÝ ZÁZNAM. Produkt 31185 (ceník ZR10) nebyl synchronizován. -> ALERT.
reconcile	UNKNOWN STEP	2026-08-27T14:30:10.2772682Z Kupón měl být discountCoupon=true/minPriceRatio=0.9000. Shoptet má CHYBÍ CELÝ ZÁZNAM. Produkt 31187 (ceník ZR10) nebyl synchronizován. -> ALERT.
reconcile	UNKNOWN STEP	2026-08-27T14:30:10.2773791Z Kupón měl být discountCoupon=true/minPriceRatio=0.9000. Shoptet má CHYBÍ CELÝ ZÁZNAM. Produkt 31212 (ceník ZR10) nebyl synchronizován. -> ALERT.
reconcile	UNKNOWN STEP	2026-08-27T14:30:10.2774891Z Kupón měl být discountCoupon=true/minPriceRatio=0.9000. Shoptet má CHYBÍ CELÝ ZÁZNAM. Produkt 31822 (ceník ZR10) nebyl synchronizován. -> ALERT.
reconcile	UNKNOWN STEP	2026-08-27T14:30:10.2776012Z Kupón měl být discountCoupon=true/minPriceRatio=0.9000. Shoptet má CHYBÍ CELÝ ZÁZNAM. Produkt 38350 (ceník ZR10) nebyl synchronizován. -> ALERT.
reconcile	UNKNOWN STEP	2026-08-27T14:30:10.2777144Z Kupón měl být discountCoupon=true/minPriceRatio=0.9000. Shoptet má CHYBÍ CELÝ ZÁZNAM. Produkt 38353 (ceník ZR10) nebyl synchronizován. -> ALERT.
reconcile	UNKNOWN STEP	2026-08-27T14:30:10.2778356Z Kupón měl být discountCoupon=true/minPriceRatio=0.9000. Shoptet má CHYBÍ CELÝ ZÁZNAM. Produkt 41019 (ceník ZR10) nebyl synchronizován. -> ALERT.
reconcile	UNKNOWN STEP	2026-08-27T14:30:10.2779458Z Kupón měl být discountCoupon=true/minPriceRatio=0.9000. Shoptet má CHYBÍ CELÝ ZÁZNAM. Produkt 41760 (ceník ZR10) nebyl synchronizován. -> ALERT.
reconcile	UNKNOWN STEP	2026-08-27T14:30:10.2780554Z Kupón měl být discountCoupon=true/minPriceRatio=0.9000. Shoptet má CHYBÍ CELÝ ZÁZNAM. Produkt 41761 (ceník ZR10) nebyl synchronizován. -> ALERT.
reconcile	UNKNOWN STEP	2026-08-27T14:30:10.2781654Z Kupón měl být discountCoupon=true/minPriceRatio=0.9000. Shoptet má CHYBÍ CELÝ ZÁZNAM. Produkt 41762 (ceník ZR10) nebyl synchronizován. -> ALERT.
reconcile	UNKNOWN STEP	2026-08-27T14:30:10.2782767Z Kupón měl být discountCoupon=true/minPriceRatio=0.9000. Shoptet má CHYBÍ CELÝ ZÁZNAM. Produkt 41763 (ceník ZR10) nebyl synchronizován. -> ALERT.
reconcile	UNKNOWN STEP	2026-08-27T14:30:10.2783870Z Kupón měl být discountCoupon=true/minPriceRatio=0.9000. Shoptet má CHYBÍ CELÝ ZÁZNAM. Produkt 41764 (ceník ZR10) nebyl synchronizován. -> ALERT.
reconcile	UNKNOWN STEP	2026-08-27T14:30:10.2785329Z Kupón měl být discountCoupon=true/minPriceRatio=0.9000. Shoptet má CHYBÍ CELÝ ZÁZNAM. Produkt 41765 (ceník ZR10) nebyl synchronizován. -> ALERT.
reconcile	UNKNOWN STEP	2026-08-27T14:30:10.2787118Z Kupón měl být discountCoupon=true/minPriceRatio=0.9000. Shoptet má CHYBÍ CELÝ ZÁZNAM. Produkt 41790 (ceník ZR10) nebyl synchronizován. -> ALERT.
reconcile	UNKNOWN STEP	2026-08-27T14:30:10.2788942Z Kupón měl být discountCoupon=true/minPriceRatio=0.9000. Shoptet má CHYBÍ CELÝ ZÁZNAM. Produkt 41793 (ceník ZR10) nebyl synchronizován. -> ALERT.
reconcile	UNKNOWN STEP	2026-08-27T14:30:10.2790781Z Kupón měl být discountCoupon=true/minPriceRatio=0.9000. Shoptet má CHYBÍ CELÝ ZÁZNAM. Produkt 41812 (ceník ZR10) nebyl synchronizován. -> ALERT.
reconcile	UNKNOWN STEP	2026-08-27T14:30:10.2793023Z Kupón měl být discountCoupon=true/minPriceRatio=0.9000. Shoptet má CHYBÍ CELÝ ZÁZNAM. Produkt 41867 (ceník ZR10) nebyl synchronizován. -> ALERT.
reconcile	UNKNOWN STEP	2026-08-27T14:30:10.2794979Z Kupón měl být discountCoupon=true/minPriceRatio=0.9000. Shoptet má CHYBÍ CELÝ ZÁZNAM. Produkt 41868 (ceník ZR10) nebyl synchronizován. -> ALERT.
reconcile	UNKNOWN STEP	2026-08-27T14:30:10.2796934Z Kupón měl být discountCoupon=true/minPriceRatio=0.9000. Shoptet má CHYBÍ CELÝ ZÁZNAM. Produkt 41869 (ceník ZR10) nebyl synchronizován. -> ALERT.
reconcile	UNKNOWN STEP	2026-08-27T14:30:10.2799015Z Kupón měl být discountCoupon=true/minPriceRatio=0.9000. Shoptet má CHYBÍ CELÝ ZÁZNAM. Produkt 41870 (ceník ZR10) nebyl synchronizován. -> ALERT.
reconcile	UNKNOWN STEP	2026-08-27T14:30:10.2800917Z Kupón měl být discountCoupon=true/minPriceRatio=0.9000. Shoptet má CHYBÍ CELÝ ZÁZNAM. Produkt 41871 (ceník ZR10) nebyl synchronizován. -> ALERT.
reconcile	UNKNOWN STEP	2026-08-27T14:30:10.2802813Z Kupón měl být discountCoupon=true/minPriceRatio=0.9000. Shoptet má CHYBÍ CELÝ ZÁZNAM. Produkt 42947 (ceník ZR10) nebyl synchronizován. -> ALERT.
reconcile	UNKNOWN STEP	2026-08-27T14:30:10.2804702Z Kupón měl být discountCoupon=true/minPriceRatio=0.9000. Shoptet má CHYBÍ CELÝ ZÁZNAM. Produkt 42948 (ceník ZR10) nebyl synchronizován. -> ALERT.
reconcile	UNKNOWN STEP	2026-08-27T14:30:10.2806589Z Kupón měl být discountCoupon=true/minPriceRatio=0.9000. Shoptet má CHYBÍ CELÝ ZÁZNAM. Produkt 43749 (ceník ZR10) nebyl synchronizován. -> ALERT.
reconcile	UNKNOWN STEP	2026-08-27T14:30:10.2808029Z Kupón měl být discountCoupon=true/minPriceRatio=0.9000. Shoptet má CHYBÍ CELÝ ZÁZNAM. Produkt 43750 (ceník ZR10) nebyl synchronizován. -> ALERT.
reconcile	UNKNOWN STEP	2026-08-27T14:30:10.2809172Z Kupón měl být discountCoupon=true/minPriceRatio=0.9000. Shoptet má CHYBÍ CELÝ ZÁZNAM. Produkt 43751 (ceník ZR10) nebyl synchronizován. -> ALERT.
reconcile	UNKNOWN STEP	2026-08-27T14:30:10.2810279Z Kupón měl být discountCoupon=true/minPriceRatio=0.9000. Shoptet má CHYBÍ CELÝ ZÁZNAM. Produkt 43752 (ceník ZR10) nebyl synchronizován. -> ALERT.
reconcile	UNKNOWN STEP	2026-08-27T14:30:10.2811392Z Kupón měl být discountCoupon=true/minPriceRatio=0.9000. Shoptet má CHYBÍ CELÝ ZÁZNAM. Produkt 46439 (ceník ZR10) nebyl synchronizován. -> ALERT.
reconcile	UNKNOWN STEP	2026-08-27T14:30:10.2812515Z Kupón měl být discountCoupon=true/minPriceRatio=0.9000. Shoptet má CHYBÍ CELÝ ZÁZNAM. Produkt 46443 (ceník ZR10) nebyl synchronizován. -> ALERT.
reconcile	UNKNOWN STEP	2026-08-27T14:30:10.2813614Z Kupón měl být discountCoupon=true/minPriceRatio=0.9000. Shoptet má CHYBÍ CELÝ ZÁZNAM. Produkt 46450 (ceník ZR10) nebyl synchronizován. -> ALERT.
reconcile	UNKNOWN STEP	2026-08-27T14:30:10.2814915Z Kupón měl být discountCoupon=true/minPriceRatio=0.9000. Shoptet má CHYBÍ CELÝ ZÁZNAM. Produkt 46452 (ceník ZR10) nebyl synchronizován. -> ALERT.
reconcile	UNKNOWN STEP	2026-08-27T14:30:10.2816035Z Kupón měl být discountCoupon=true/minPriceRatio=0.9000. Shoptet má CHYBÍ CELÝ ZÁZNAM. Produkt 46536 (ceník ZR10) nebyl synchronizován. -> ALERT.
reconcile	UNKNOWN STEP	2026-08-27T14:30:10.2817178Z Kupón měl být discountCoupon=true/minPriceRatio=0.9000. Shoptet má CHYBÍ CELÝ ZÁZNAM. Produkt 46537 (ceník ZR10) nebyl synchronizován. -> ALERT.
reconcile	UNKNOWN STEP	2026-08-27T14:30:10.2818389Z Kupón měl být discountCoupon=true/minPriceRatio=0.9000. Shoptet má CHYBÍ CELÝ ZÁZNAM. Produkt 46541 (ceník ZR10) nebyl synchronizován. -> ALERT.
reconcile	UNKNOWN STEP	2026-08-27T14:30:10.2819633Z Kupón měl být discountCoupon=true/minPriceRatio=0.9000. Shoptet má CHYBÍ CELÝ ZÁZNAM. Produkt 46543 (ceník ZR10) nebyl synchronizován. -> ALERT.
reconcile	UNKNOWN STEP	2026-08-27T14:30:10.2820737Z Kupón měl být discountCoupon=true/minPriceRatio=0.9000. Shoptet má CHYBÍ CELÝ ZÁZNAM. Produkt 46966 (ceník ZR10) nebyl synchronizován. -> ALERT.
reconcile	UNKNOWN STEP	2026-08-27T14:30:10.2821856Z Kupón měl být discountCoupon=true/minPriceRatio=0.9000. Shoptet má CHYBÍ CELÝ ZÁZNAM. Produkt 46973 (ceník ZR10) nebyl synchronizován. -> ALERT.
reconcile	UNKNOWN STEP	2026-08-27T14:30:10.2822960Z Kupón měl být discountCoupon=true/minPriceRatio=0.9000. Shoptet má CHYBÍ CELÝ ZÁZNAM. Produkt 47055 (ceník ZR10) nebyl synchronizován. -> ALERT.
reconcile	UNKNOWN STEP	2026-08-27T14:30:10.2824092Z Kupón měl být discountCoupon=true/minPriceRatio=0.9000. Shoptet má CHYBÍ CELÝ ZÁZNAM. Produkt 47171 (ceník ZR10) nebyl synchronizován. -> ALERT.
reconcile	UNKNOWN STEP	2026-08-27T14:30:10.2825208Z Kupón měl být discountCoupon=true/minPriceRatio=0.9000. Shoptet má CHYBÍ CELÝ ZÁZNAM. Produkt 47405 (ceník ZR10) nebyl synchronizován. -> ALERT.
reconcile	UNKNOWN STEP	2026-08-27T14:30:10.2826320Z Kupón měl být discountCoupon=true/minPriceRatio=0.9000. Shoptet má CHYBÍ CELÝ ZÁZNAM. Produkt 47406 (ceník ZR10) nebyl synchronizován. -> ALERT.
reconcile	UNKNOWN STEP	2026-08-27T14:30:10.2827427Z Kupón měl být discountCoupon=true/minPriceRatio=0.9000. Shoptet má CHYBÍ CELÝ ZÁZNAM. Produkt 47407 (ceník ZR10) nebyl synchronizován. -> ALERT.
reconcile	UNKNOWN STEP	2026-08-27T14:30:10.2828835Z Kupón měl být discountCoupon=true/minPriceRatio=0.9000. Shoptet má CHYBÍ CELÝ ZÁZNAM. Produkt 47408 (ceník ZR10) nebyl synchronizován. -> ALERT.
reconcile	UNKNOWN STEP	2026-08-27T14:30:10.2829969Z Kupón měl být discountCoupon=true/minPriceRatio=0.9000. Shoptet má CHYBÍ CELÝ ZÁZNAM. Produkt 47409 (ceník ZR10) nebyl synchronizován. -> ALERT.
reconcile	UNKNOWN STEP	2026-08-27T14:30:10.2831083Z Kupón měl být discountCoupon=true/minPriceRatio=0.9000. Shoptet má CHYBÍ CELÝ ZÁZNAM. Produkt 47410 (ceník ZR10) nebyl synchronizován. -> ALERT.
reconcile	UNKNOWN STEP	2026-08-27T14:30:10.2832208Z Kupón měl být discountCoupon=true/minPriceRatio=0.9000. Shoptet má CHYBÍ CELÝ ZÁZNAM. Produkt 47411 (ceník ZR10) nebyl synchronizován. -> ALERT.
reconcile	UNKNOWN STEP	2026-08-27T14:30:10.2833315Z Kupón měl být discountCoupon=true/minPriceRatio=0.9000. Shoptet má CHYBÍ CELÝ ZÁZNAM. Produkt 47412 (ceník ZR10) nebyl synchronizován. -> ALERT.
reconcile	UNKNOWN STEP	2026-08-27T14:30:10.2834412Z Kupón měl být discountCoupon=true/minPriceRatio=0.9000. Shoptet má CHYBÍ CELÝ ZÁZNAM. Produkt 47413 (ceník ZR10) nebyl synchronizován. -> ALERT.
reconcile	UNKNOWN STEP	2026-08-27T14:30:10.2835543Z Kupón měl být discountCoupon=true/minPriceRatio=0.9000. Shoptet má CHYBÍ CELÝ ZÁZNAM. Produkt 47414 (ceník ZR10) nebyl synchronizován. -> ALERT.
reconcile	UNKNOWN STEP	2026-08-27T14:30:10.2836647Z Kupón měl být discountCoupon=true/minPriceRatio=0.9000. Shoptet má CHYBÍ CELÝ ZÁZNAM. Produkt 47415 (ceník ZR10) nebyl synchronizován. -> ALERT.
reconcile	UNKNOWN STEP	2026-08-27T14:30:10.2837860Z Kupón měl být discountCoupon=true/minPriceRatio=0.9000. Shoptet má CHYBÍ CELÝ ZÁZNAM. Produkt 47416 (ceník ZR10) nebyl synchronizován. -> ALERT.
reconcile	UNKNOWN STEP	2026-08-27T14:30:10.2838980Z Kupón měl být discountCoupon=true/minPriceRatio=0.9000. Shoptet má CHYBÍ CELÝ ZÁZNAM. Produkt 50933 (ceník ZR10) nebyl synchronizován. -> ALERT.
reconcile	UNKNOWN STEP	2026-08-27T14:30:10.2840093Z Kupón měl být discountCoupon=true/minPriceRatio=0.9000. Shoptet má CHYBÍ CELÝ ZÁZNAM. Produkt 50934 (ceník ZR10) nebyl synchronizován. -> ALERT.
reconcile	UNKNOWN STEP	2026-08-27T14:30:10.2842708Z Kupón měl být discountCoupon=true/minPriceRatio=0.9000. Shoptet má CHYBÍ CELÝ ZÁZNAM. Produkt 50935 (ceník ZR10) nebyl synchronizován. -> ALERT.
reconcile	UNKNOWN STEP	2026-08-27T14:30:10.2843898Z Kupón měl být discountCoupon=true/minPriceRatio=0.9000. Shoptet má CHYBÍ CELÝ ZÁZNAM. Produkt 50936 (ceník ZR10) nebyl synchronizován. -> ALERT.
reconcile	UNKNOWN STEP	2026-08-27T14:30:10.2845038Z Kupón měl být discountCoupon=true/minPriceRatio=0.9000. Shoptet má CHYBÍ CELÝ ZÁZNAM. Produkt 50937 (ceník ZR10) nebyl synchronizován. -> ALERT.
reconcile	UNKNOWN STEP	2026-08-27T14:30:10.2846151Z Kupón měl být discountCoupon=true/minPriceRatio=0.9000. Shoptet má CHYBÍ CELÝ ZÁZNAM. Produkt 50938 (ceník ZR10) nebyl synchronizován. -> ALERT.
reconcile	UNKNOWN STEP	2026-08-27T14:30:10.2847413Z Kupón měl být discountCoupon=true/minPriceRatio=0.9000. Shoptet má CHYBÍ CELÝ ZÁZNAM. Produkt 50940 (ceník ZR10) nebyl synchronizován. -> ALERT.
reconcile	UNKNOWN STEP	2026-08-27T14:30:10.2848659Z Kupón měl být discountCoupon=false/minPriceRatio=1.0000. Shoptet má CHYBÍ CELÝ ZÁZNAM. Produkt 55907 (ceník ZR10) nebyl synchronizován. -> ALERT.
reconcile	UNKNOWN STEP	2026-08-27T14:30:10.2849801Z Kupón měl být discountCoupon=false/minPriceRatio=1.0000. Shoptet má CHYBÍ CELÝ ZÁZNAM. Produkt 55908 (ceník ZR10) nebyl synchronizován. -> ALERT.
reconcile	UNKNOWN STEP	2026-08-27T14:30:10.2850928Z Kupón měl být discountCoupon=false/minPriceRatio=1.0000. Shoptet má CHYBÍ CELÝ ZÁZNAM. Produkt 55909 (ceník ZR10) nebyl synchronizován. -> ALERT.
reconcile	UNKNOWN STEP	2026-08-27T14:30:10.2852059Z Kupón měl být discountCoupon=false/minPriceRatio=1.0000. Shoptet má CHYBÍ CELÝ ZÁZNAM. Produkt 55910 (ceník ZR10) nebyl synchronizován. -> ALERT.
reconcile	UNKNOWN STEP	2026-08-27T14:30:10.2853176Z Kupón měl být discountCoupon=false/minPriceRatio=1.0000. Shoptet má CHYBÍ CELÝ ZÁZNAM. Produkt 55911 (ceník ZR10) nebyl synchronizován. -> ALERT.
reconcile	UNKNOWN STEP	2026-08-27T14:30:10.2854295Z Kupón měl být discountCoupon=false/minPriceRatio=1.0000. Shoptet má CHYBÍ CELÝ ZÁZNAM. Produkt 56328 (ceník ZR10) nebyl synchronizován. -> ALERT.
reconcile	UNKNOWN STEP	2026-08-27T14:30:10.2855404Z Kupón měl být discountCoupon=false/minPriceRatio=1.0000. Shoptet má CHYBÍ CELÝ ZÁZNAM. Produkt 56329 (ceník ZR10) nebyl synchronizován. -> ALERT.
reconcile	UNKNOWN STEP	2026-08-27T14:30:10.2856526Z Kupón měl být discountCoupon=false/minPriceRatio=1.0000. Shoptet má CHYBÍ CELÝ ZÁZNAM. Produkt 56330 (ceník ZR10) nebyl synchronizován. -> ALERT.
reconcile	UNKNOWN STEP	2026-08-27T14:30:10.2857725Z Kupón měl být discountCoupon=false/minPriceRatio=1.0000. Shoptet má CHYBÍ CELÝ ZÁZNAM. Produkt 56331 (ceník ZR10) nebyl synchronizován. -> ALERT.
reconcile	UNKNOWN STEP	2026-08-27T14:30:10.2858842Z Kupón měl být discountCoupon=true/minPriceRatio=0.9000. Shoptet má CHYBÍ CELÝ ZÁZNAM. Produkt 58787 (ceník ZR10) nebyl synchronizován. -> ALERT.
reconcile	UNKNOWN STEP	2026-08-27T14:30:10.2859946Z Kupón měl být discountCoupon=true/minPriceRatio=0.9000. Shoptet má CHYBÍ CELÝ ZÁZNAM. Produkt 59721 (ceník ZR10) nebyl synchronizován. -> ALERT.
reconcile	UNKNOWN STEP	2026-08-27T14:30:10.2861064Z Kupón měl být discountCoupon=true/minPriceRatio=0.9000. Shoptet má CHYBÍ CELÝ ZÁZNAM. Produkt 59724 (ceník ZR10) nebyl synchronizován. -> ALERT.
reconcile	UNKNOWN STEP	2026-08-27T14:30:10.2862158Z Kupón měl být discountCoupon=true/minPriceRatio=0.9000. Shoptet má CHYBÍ CELÝ ZÁZNAM. Produkt 62362 (ceník ZR10) nebyl synchronizován. -> ALERT.
reconcile	UNKNOWN STEP	2026-08-27T14:30:10.2863274Z Kupón měl být discountCoupon=true/minPriceRatio=0.9000. Shoptet má CHYBÍ CELÝ ZÁZNAM. Produkt 64579 (ceník ZR10) nebyl synchronizován. -> ALERT.
reconcile	UNKNOWN STEP	2026-08-27T14:30:10.2864377Z Kupón měl být discountCoupon=true/minPriceRatio=0.9000. Shoptet má CHYBÍ CELÝ ZÁZNAM. Produkt 64581 (ceník ZR10) nebyl synchronizován. -> ALERT.
reconcile	UNKNOWN STEP	2026-08-27T14:30:10.2865470Z Kupón měl být discountCoupon=true/minPriceRatio=0.9000. Shoptet má CHYBÍ CELÝ ZÁZNAM. Produkt 64582 (ceník ZR10) nebyl synchronizován. -> ALERT.
reconcile	UNKNOWN STEP	2026-08-27T14:30:10.2866567Z Kupón měl být discountCoupon=true/minPriceRatio=0.9000. Shoptet má CHYBÍ CELÝ ZÁZNAM. Produkt 65804 (ceník ZR10) nebyl synchronizován. -> ALERT.
reconcile	UNKNOWN STEP	2026-08-27T14:30:10.2867931Z Kupón měl být discountCoupon=true/minPriceRatio=0.9000. Shoptet má CHYBÍ CELÝ ZÁZNAM. Produkt 65806 (ceník ZR10) nebyl synchronizován. -> ALERT.
reconcile	UNKNOWN STEP	2026-08-27T14:30:10.2869133Z Kupón měl být discountCoupon=true/minPriceRatio=0.9000. Shoptet má CHYBÍ CELÝ ZÁZNAM. Produkt 65807 (ceník ZR10) nebyl synchronizován. -> ALERT.
reconcile	UNKNOWN STEP	2026-08-27T14:30:10.2870390Z Kupón měl být discountCoupon=true/minPriceRatio=0.9000. Shoptet má CHYBÍ CELÝ ZÁZNAM. Produkt 65808 (ceník ZR10) nebyl synchronizován. -> ALERT.
reconcile	UNKNOWN STEP	2026-08-27T14:30:10.2871511Z Kupón měl být discountCoupon=true/minPriceRatio=0.9000. Shoptet má CHYBÍ CELÝ ZÁZNAM. Produkt 65809 (ceník ZR10) nebyl synchronizován. -> ALERT.
reconcile	UNKNOWN STEP	2026-08-27T14:30:10.2872617Z Kupón měl být discountCoupon=true/minPriceRatio=0.9000. Shoptet má CHYBÍ CELÝ ZÁZNAM. Produkt 65810 (ceník ZR10) nebyl synchronizován. -> ALERT.
reconcile	UNKNOWN STEP	2026-08-27T14:30:10.2873712Z Kupón měl být discountCoupon=true/minPriceRatio=0.9000. Shoptet má CHYBÍ CELÝ ZÁZNAM. Produkt 66756 (ceník ZR10) nebyl synchronizován. -> ALERT.
reconcile	UNKNOWN STEP	2026-08-27T14:30:10.2874947Z Kupón měl být discountCoupon=true/minPriceRatio=0.9000. Shoptet má CHYBÍ CELÝ ZÁZNAM. Produkt 66783 (ceník ZR10) nebyl synchronizován. -> ALERT.
reconcile	UNKNOWN STEP	2026-08-27T14:30:10.2876043Z Kupón měl být discountCoupon=true/minPriceRatio=0.9000. Shoptet má CHYBÍ CELÝ ZÁZNAM. Produkt 66789 (ceník ZR10) nebyl synchronizován. -> ALERT.
reconcile	UNKNOWN STEP	2026-08-27T14:30:10.2877196Z Kupón měl být discountCoupon=true/minPriceRatio=0.9000. Shoptet má CHYBÍ CELÝ ZÁZNAM. Produkt 68181 (ceník ZR10) nebyl synchronizován. -> ALERT.
reconcile	UNKNOWN STEP	2026-08-27T14:30:10.2878409Z Kupón měl být discountCoupon=true/minPriceRatio=0.9000. Shoptet má CHYBÍ CELÝ ZÁZNAM. Produkt 68182 (ceník ZR10) nebyl synchronizován. -> ALERT.
reconcile	UNKNOWN STEP	2026-08-27T14:30:10.2879516Z Kupón měl být discountCoupon=true/minPriceRatio=0.9000. Shoptet má CHYBÍ CELÝ ZÁZNAM. Produkt 68309 (ceník ZR10) nebyl synchronizován. -> ALERT.
reconcile	UNKNOWN STEP	2026-08-27T14:30:10.2880616Z Kupón měl být discountCoupon=true/minPriceRatio=0.9000. Shoptet má CHYBÍ CELÝ ZÁZNAM. Produkt 68313 (ceník ZR10) nebyl synchronizován. -> ALERT.
reconcile	UNKNOWN STEP	2026-08-27T14:30:10.2881730Z Kupón měl být discountCoupon=true/minPriceRatio=0.9000. Shoptet má CHYBÍ CELÝ ZÁZNAM. Produkt 68319 (ceník ZR10) nebyl synchronizován. -> ALERT.
reconcile	UNKNOWN STEP	2026-08-27T14:30:10.2882830Z Kupón měl být discountCoupon=true/minPriceRatio=0.9000. Shoptet má CHYBÍ CELÝ ZÁZNAM. Produkt 68521 (ceník ZR10) nebyl synchronizován. -> ALERT.
reconcile	UNKNOWN STEP	2026-08-27T14:30:10.2883941Z Kupón měl být discountCoupon=true/minPriceRatio=0.9000. Shoptet má CHYBÍ CELÝ ZÁZNAM. Produkt 68522 (ceník ZR10) nebyl synchronizován. -> ALERT.
reconcile	UNKNOWN STEP	2026-08-27T14:30:10.2885045Z Kupón měl být discountCoupon=true/minPriceRatio=0.9000. Shoptet má CHYBÍ CELÝ ZÁZNAM. Produkt 68523 (ceník ZR10) nebyl synchronizován. -> ALERT.
reconcile	UNKNOWN STEP	2026-08-27T14:30:10.2886142Z Kupón měl být discountCoupon=true/minPriceRatio=0.9000. Shoptet má CHYBÍ CELÝ ZÁZNAM. Produkt 68524 (ceník ZR10) nebyl synchronizován. -> ALERT.
reconcile	UNKNOWN STEP	2026-08-27T14:30:10.2887257Z Kupón měl být discountCoupon=true/minPriceRatio=0.9000. Shoptet má CHYBÍ CELÝ ZÁZNAM. Produkt 77666 (ceník ZR10) nebyl synchronizován. -> ALERT.
reconcile	UNKNOWN STEP	2026-08-27T14:30:10.2888449Z Kupón měl být discountCoupon=true/minPriceRatio=0.9000. Shoptet má CHYBÍ CELÝ ZÁZNAM. Produkt 77668 (ceník ZR10) nebyl synchronizován. -> ALERT.
reconcile	UNKNOWN STEP	2026-08-27T14:30:10.2889554Z Kupón měl být discountCoupon=true/minPriceRatio=0.9000. Shoptet má CHYBÍ CELÝ ZÁZNAM. Produkt 77669 (ceník ZR10) nebyl synchronizován. -> ALERT.
reconcile	UNKNOWN STEP	2026-08-27T14:30:10.2890673Z Kupón měl být discountCoupon=true/minPriceRatio=0.9000. Shoptet má CHYBÍ CELÝ ZÁZNAM. Produkt 77670 (ceník ZR10) nebyl synchronizován. -> ALERT.
reconcile	UNKNOWN STEP	2026-08-27T14:30:10.2891775Z Kupón měl být discountCoupon=true/minPriceRatio=0.9000. Shoptet má CHYBÍ CELÝ ZÁZNAM. Produkt 77671 (ceník ZR10) nebyl synchronizován. -> ALERT.
reconcile	UNKNOWN STEP	2026-08-27T14:30:10.2893726Z Kupón měl být discountCoupon=true/minPriceRatio=0.9000. Shoptet má CHYBÍ CELÝ ZÁZNAM. Produkt 77672 (ceník ZR10) nebyl synchronizován. -> ALERT.
reconcile	UNKNOWN STEP	2026-08-27T14:30:10.2895084Z Kupón měl být discountCoupon=true/minPriceRatio=0.9000. Shoptet má CHYBÍ CELÝ ZÁZNAM. Produkt 77673 (ceník ZR10) nebyl synchronizován. -> ALERT.
reconcile	UNKNOWN STEP	2026-08-27T14:30:10.2896674Z Kupón měl být discountCoupon=true/minPriceRatio=0.9000. Shoptet má CHYBÍ CELÝ ZÁZNAM. Produkt 77674 (ceník ZR10) nebyl synchronizován. -> ALERT.
reconcile	UNKNOWN STEP	2026-08-27T14:30:10.2897886Z Kupón měl být discountCoupon=true/minPriceRatio=0.9000. Shoptet má CHYBÍ CELÝ ZÁZNAM. Produkt 77825 (ceník ZR10) nebyl synchronizován. -> ALERT.
reconcile	UNKNOWN STEP	2026-08-27T14:30:10.2899185Z Kupón měl být discountCoupon=true/minPriceRatio=0.9000. Shoptet má CHYBÍ CELÝ ZÁZNAM. Produkt 77840 (ceník ZR10) nebyl synchronizován. -> ALERT.
reconcile	UNKNOWN STEP	2026-08-27T14:30:10.2900304Z Kupón měl být discountCoupon=true/minPriceRatio=0.9000. Shoptet má CHYBÍ CELÝ ZÁZNAM. Produkt 77841 (ceník ZR10) nebyl synchronizován. -> ALERT.
reconcile	UNKNOWN STEP	2026-08-27T14:30:10.2901403Z Kupón měl být discountCoupon=true/minPriceRatio=0.9000. Shoptet má CHYBÍ CELÝ ZÁZNAM. Produkt 77842 (ceník ZR10) nebyl synchronizován. -> ALERT.
reconcile	UNKNOWN STEP	2026-08-27T14:30:10.2902700Z Kupón měl být discountCoupon=true/minPriceRatio=0.9000. Shoptet má CHYBÍ CELÝ ZÁZNAM. Produkt 77843 (ceník ZR10) nebyl synchronizován. -> ALERT.
reconcile	UNKNOWN STEP	2026-08-27T14:30:10.2903796Z Kupón měl být discountCoupon=true/minPriceRatio=0.9000. Shoptet má CHYBÍ CELÝ ZÁZNAM. Produkt 77844 (ceník ZR10) nebyl synchronizován. -> ALERT.
reconcile	UNKNOWN STEP	2026-08-27T14:30:10.2904906Z Kupón měl být discountCoupon=true/minPriceRatio=0.9000. Shoptet má CHYBÍ CELÝ ZÁZNAM. Produkt 77853 (ceník ZR10) nebyl synchronizován. -> ALERT.
reconcile	UNKNOWN STEP	2026-08-27T14:30:10.2906000Z Kupón měl být discountCoupon=true/minPriceRatio=0.9000. Shoptet má CHYBÍ CELÝ ZÁZNAM. Produkt 77855 (ceník ZR10) nebyl synchronizován. -> ALERT.
reconcile	UNKNOWN STEP	2026-08-27T14:30:10.2907103Z Kupón měl být discountCoupon=true/minPriceRatio=0.9000. Shoptet má CHYBÍ CELÝ ZÁZNAM. Produkt 77856 (ceník ZR10) nebyl synchronizován. -> ALERT.
reconcile	UNKNOWN STEP	2026-08-27T14:30:10.2908313Z Kupón měl být discountCoupon=true/minPriceRatio=0.9000. Shoptet má CHYBÍ CELÝ ZÁZNAM. Produkt 77857 (ceník ZR10) nebyl synchronizován. -> ALERT.
reconcile	UNKNOWN STEP	2026-08-27T14:30:10.2909424Z Kupón měl být discountCoupon=true/minPriceRatio=0.9000. Shoptet má CHYBÍ CELÝ ZÁZNAM. Produkt 77858 (ceník ZR10) nebyl synchronizován. -> ALERT.
reconcile	UNKNOWN STEP	2026-08-27T14:30:10.2910526Z Kupón měl být discountCoupon=true/minPriceRatio=0.9000. Shoptet má CHYBÍ CELÝ ZÁZNAM. Produkt 77859 (ceník ZR10) nebyl synchronizován. -> ALERT.
reconcile	UNKNOWN STEP	2026-08-27T14:30:10.2911641Z Kupón měl být discountCoupon=true/minPriceRatio=0.9000. Shoptet má CHYBÍ CELÝ ZÁZNAM. Produkt 77860 (ceník ZR10) nebyl synchronizován. -> ALERT.
reconcile	UNKNOWN STEP	2026-08-27T14:30:10.2912767Z Kupón měl být discountCoupon=true/minPriceRatio=0.9000. Shoptet má CHYBÍ CELÝ ZÁZNAM. Produkt 77864 (ceník ZR10) nebyl synchronizován. -> ALERT.
reconcile	UNKNOWN STEP	2026-08-27T14:30:10.2913871Z Kupón měl být discountCoupon=true/minPriceRatio=0.9000. Shoptet má CHYBÍ CELÝ ZÁZNAM. Produkt 77868 (ceník ZR10) nebyl synchronizován. -> ALERT.
reconcile	UNKNOWN STEP	2026-08-27T14:30:10.2914976Z Kupón měl být discountCoupon=true/minPriceRatio=0.9000. Shoptet má CHYBÍ CELÝ ZÁZNAM. Produkt 77870 (ceník ZR10) nebyl synchronizován. -> ALERT.
reconcile	UNKNOWN STEP	2026-08-27T14:30:10.2916093Z Kupón měl být discountCoupon=true/minPriceRatio=0.9000. Shoptet má CHYBÍ CELÝ ZÁZNAM. Produkt 77871 (ceník ZR10) nebyl synchronizován. -> ALERT.
reconcile	UNKNOWN STEP	2026-08-27T14:30:10.2917188Z Kupón měl být discountCoupon=true/minPriceRatio=0.9000. Shoptet má CHYBÍ CELÝ ZÁZNAM. Produkt 77872 (ceník ZR10) nebyl synchronizován. -> ALERT.
reconcile	UNKNOWN STEP	2026-08-27T14:30:10.2918399Z Kupón měl být discountCoupon=true/minPriceRatio=0.9000. Shoptet má CHYBÍ CELÝ ZÁZNAM. Produkt 79234 (ceník ZR10) nebyl synchronizován. -> ALERT.
reconcile	UNKNOWN STEP	2026-08-27T14:30:10.2919503Z Kupón měl být discountCoupon=true/minPriceRatio=0.9000. Shoptet má CHYBÍ CELÝ ZÁZNAM. Produkt 79236 (ceník ZR10) nebyl synchronizován. -> ALERT.
reconcile	UNKNOWN STEP	2026-08-27T14:30:10.2920612Z Kupón měl být discountCoupon=true/minPriceRatio=0.9000. Shoptet má CHYBÍ CELÝ ZÁZNAM. Produkt 88595 (ceník ZR10) nebyl synchronizován. -> ALERT.
reconcile	UNKNOWN STEP	2026-08-27T14:30:10.2921707Z Kupón měl být discountCoupon=true/minPriceRatio=0.9000. Shoptet má CHYBÍ CELÝ ZÁZNAM. Produkt 88596 (ceník ZR10) nebyl synchronizován. -> ALERT.
reconcile	UNKNOWN STEP	2026-08-27T14:30:10.2922822Z Kupón měl být discountCoupon=true/minPriceRatio=0.9000. Shoptet má CHYBÍ CELÝ ZÁZNAM. Produkt 88598 (ceník ZR10) nebyl synchronizován. -> ALERT.
reconcile	UNKNOWN STEP	2026-08-27T14:30:10.2923925Z Kupón měl být discountCoupon=true/minPriceRatio=0.9000. Shoptet má CHYBÍ CELÝ ZÁZNAM. Produkt 88762 (ceník ZR10) nebyl synchronizován. -> ALERT.
reconcile	UNKNOWN STEP	2026-08-27T14:30:10.2925184Z Kupón měl být discountCoupon=true/minPriceRatio=0.9000. Shoptet má CHYBÍ CELÝ ZÁZNAM. Produkt 88872 (ceník ZR10) nebyl synchronizován. -> ALERT.
reconcile	UNKNOWN STEP	2026-08-27T14:30:10.2926301Z Kupón měl být discountCoupon=true/minPriceRatio=0.9000. Shoptet má CHYBÍ CELÝ ZÁZNAM. Produkt 88875 (ceník ZR10) nebyl synchronizován. -> ALERT.
reconcile	UNKNOWN STEP	2026-08-27T14:30:10.2927400Z Kupón měl být discountCoupon=true/minPriceRatio=0.9000. Shoptet má CHYBÍ CELÝ ZÁZNAM. Produkt 97054 (ceník ZR10) nebyl synchronizován. -> ALERT.
reconcile	UNKNOWN STEP	2026-08-27T14:30:10.2928626Z Kupón měl být discountCoupon=true/minPriceRatio=0.9000. Shoptet má CHYBÍ CELÝ ZÁZNAM. Produkt 97173 (ceník ZR10) nebyl synchronizován. -> ALERT.
reconcile	UNKNOWN STEP	2026-08-27T14:30:10.2929883Z Kupón měl být discountCoupon=true/minPriceRatio=0.9000. Shoptet má CHYBÍ CELÝ ZÁZNAM. Produkt 97176 (ceník ZR10) nebyl synchronizován. -> ALERT.
reconcile	UNKNOWN STEP	2026-08-27T14:30:10.2930998Z Kupón měl být discountCoupon=true/minPriceRatio=0.9000. Shoptet má CHYBÍ CELÝ ZÁZNAM. Produkt 97177 (ceník ZR10) nebyl synchronizován. -> ALERT.
reconcile	UNKNOWN STEP	2026-08-27T14:30:10.2932116Z Kupón měl být discountCoupon=true/minPriceRatio=0.9000. Shoptet má CHYBÍ CELÝ ZÁZNAM. Produkt 97290 (ceník ZR10) nebyl synchronizován. -> ALERT.
reconcile	UNKNOWN STEP	2026-08-27T14:30:10.2933216Z Kupón měl být discountCoupon=true/minPriceRatio=0.9000. Shoptet má CHYBÍ CELÝ ZÁZNAM. Produkt 97629 (ceník ZR10) nebyl synchronizován. -> ALERT.
reconcile	UNKNOWN STEP	2026-08-27T14:30:10.2934329Z Kupón měl být discountCoupon=true/minPriceRatio=0.9000. Shoptet má CHYBÍ CELÝ ZÁZNAM. Produkt 97630 (ceník ZR10) nebyl synchronizován. -> ALERT.
reconcile	UNKNOWN STEP	2026-08-27T14:30:10.2935451Z Kupón měl být discountCoupon=true/minPriceRatio=0.9200. Shoptet má CHYBÍ CELÝ ZÁZNAM. Produkt 100464 (ceník ZR12) nebyl synchronizován. -> ALERT.
reconcile	UNKNOWN STEP	2026-08-27T14:30:10.2936587Z Kupón měl být discountCoupon=true/minPriceRatio=0.9200. Shoptet má CHYBÍ CELÝ ZÁZNAM. Produkt 100465 (ceník ZR12) nebyl synchronizován. -> ALERT.
reconcile	UNKNOWN STEP	2026-08-27T14:30:10.2937818Z Kupón měl být discountCoupon=true/minPriceRatio=0.9200. Shoptet má CHYBÍ CELÝ ZÁZNAM. Produkt 100467 (ceník ZR12) nebyl synchronizován. -> ALERT.
reconcile	UNKNOWN STEP	2026-08-27T14:30:10.2938949Z Kupón měl být discountCoupon=true/minPriceRatio=0.9200. Shoptet má CHYBÍ CELÝ ZÁZNAM. Produkt 100468 (ceník ZR12) nebyl synchronizován. -> ALERT.
reconcile	UNKNOWN STEP	2026-08-27T14:30:10.2940060Z Kupón měl být discountCoupon=true/minPriceRatio=0.9200. Shoptet má CHYBÍ CELÝ ZÁZNAM. Produkt 100469 (ceník ZR12) nebyl synchronizován. -> ALERT.
reconcile	UNKNOWN STEP	2026-08-27T14:30:10.2941163Z Kupón měl být discountCoupon=true/minPriceRatio=0.9200. Shoptet má CHYBÍ CELÝ ZÁZNAM. Produkt 100580 (ceník ZR12) nebyl synchronizován. -> ALERT.
reconcile	UNKNOWN STEP	2026-08-27T14:30:10.2942277Z Kupón měl být discountCoupon=true/minPriceRatio=0.9200. Shoptet má CHYBÍ CELÝ ZÁZNAM. Produkt 100594 (ceník ZR12) nebyl synchronizován. -> ALERT.
reconcile	UNKNOWN STEP	2026-08-27T14:30:10.2943395Z Kupón měl být discountCoupon=true/minPriceRatio=0.9200. Shoptet má CHYBÍ CELÝ ZÁZNAM. Produkt 100595 (ceník ZR12) nebyl synchronizován. -> ALERT.
reconcile	UNKNOWN STEP	2026-08-27T14:30:10.2944687Z Kupón měl být discountCoupon=true/minPriceRatio=0.9200. Shoptet má CHYBÍ CELÝ ZÁZNAM. Produkt 100597 (ceník ZR12) nebyl synchronizován. -> ALERT.
reconcile	UNKNOWN STEP	2026-08-27T14:30:10.2946170Z Kupón měl být discountCoupon=true/minPriceRatio=0.9200. Shoptet má CHYBÍ CELÝ ZÁZNAM. Produkt 100598 (ceník ZR12) nebyl synchronizován. -> ALERT.
reconcile	UNKNOWN STEP	2026-08-27T14:30:10.2947426Z Kupón měl být discountCoupon=true/minPriceRatio=0.9200. Shoptet má CHYBÍ CELÝ ZÁZNAM. Produkt 100599 (ceník ZR12) nebyl synchronizován. -> ALERT.
reconcile	UNKNOWN STEP	2026-08-27T14:30:10.2948837Z Kupón měl být discountCoupon=true/minPriceRatio=0.9200. Shoptet má CHYBÍ CELÝ ZÁZNAM. Produkt 100659 (ceník ZR12) nebyl synchronizován. -> ALERT.
reconcile	UNKNOWN STEP	2026-08-27T14:30:10.2950105Z Kupón měl být discountCoupon=true/minPriceRatio=0.9200. Shoptet má CHYBÍ CELÝ ZÁZNAM. Produkt 100769 (ceník ZR12) nebyl synchronizován. -> ALERT.
reconcile	UNKNOWN STEP	2026-08-27T14:30:10.2951224Z Kupón měl být discountCoupon=true/minPriceRatio=0.9200. Shoptet má CHYBÍ CELÝ ZÁZNAM. Produkt 100770 (ceník ZR12) nebyl synchronizován. -> ALERT.
reconcile	UNKNOWN STEP	2026-08-27T14:30:10.2952342Z Kupón měl být discountCoupon=true/minPriceRatio=0.9200. Shoptet má CHYBÍ CELÝ ZÁZNAM. Produkt 100771 (ceník ZR12) nebyl synchronizován. -> ALERT.
reconcile	UNKNOWN STEP	2026-08-27T14:30:10.2953452Z Kupón měl být discountCoupon=true/minPriceRatio=0.9200. Shoptet má CHYBÍ CELÝ ZÁZNAM. Produkt 100772 (ceník ZR12) nebyl synchronizován. -> ALERT.
reconcile	UNKNOWN STEP	2026-08-27T14:30:10.2954554Z Kupón měl být discountCoupon=true/minPriceRatio=0.9200. Shoptet má CHYBÍ CELÝ ZÁZNAM. Produkt 100773 (ceník ZR12) nebyl synchronizován. -> ALERT.
reconcile	UNKNOWN STEP	2026-08-27T14:30:10.2955669Z Kupón měl být discountCoupon=true/minPriceRatio=0.9200. Shoptet má CHYBÍ CELÝ ZÁZNAM. Produkt 100774 (ceník ZR12) nebyl synchronizován. -> ALERT.
reconcile	UNKNOWN STEP	2026-08-27T14:30:10.2956797Z Kupón měl být discountCoupon=true/minPriceRatio=0.9200. Shoptet má CHYBÍ CELÝ ZÁZNAM. Produkt 101591 (ceník ZR12) nebyl synchronizován. -> ALERT.
reconcile	UNKNOWN STEP	2026-08-27T14:30:10.2958021Z Kupón měl být discountCoupon=true/minPriceRatio=0.9200. Shoptet má CHYBÍ CELÝ ZÁZNAM. Produkt 101594 (ceník ZR12) nebyl synchronizován. -> ALERT.
reconcile	UNKNOWN STEP	2026-08-27T14:30:10.2959156Z Kupón měl být discountCoupon=true/minPriceRatio=0.9200. Shoptet má CHYBÍ CELÝ ZÁZNAM. Produkt 101816 (ceník ZR12) nebyl synchronizován. -> ALERT.
reconcile	UNKNOWN STEP	2026-08-27T14:30:10.2960257Z Kupón měl být discountCoupon=true/minPriceRatio=0.9200. Shoptet má CHYBÍ CELÝ ZÁZNAM. Produkt 101817 (ceník ZR12) nebyl synchronizován. -> ALERT.
reconcile	UNKNOWN STEP	2026-08-27T14:30:10.2961365Z Kupón měl být discountCoupon=true/minPriceRatio=0.9200. Shoptet má CHYBÍ CELÝ ZÁZNAM. Produkt 101818 (ceník ZR12) nebyl synchronizován. -> ALERT.
reconcile	UNKNOWN STEP	2026-08-27T14:30:10.2962466Z Kupón měl být discountCoupon=true/minPriceRatio=0.9200. Shoptet má CHYBÍ CELÝ ZÁZNAM. Produkt 104257 (ceník ZR12) nebyl synchronizován. -> ALERT.
reconcile	UNKNOWN STEP	2026-08-27T14:30:10.2963599Z Kupón měl být discountCoupon=false/minPriceRatio=1.0000. Shoptet má CHYBÍ CELÝ ZÁZNAM. Produkt 109021 (ceník ZR12) nebyl synchronizován. -> ALERT.
reconcile	UNKNOWN STEP	2026-08-27T14:30:10.2964725Z Kupón měl být discountCoupon=false/minPriceRatio=1.0000. Shoptet má CHYBÍ CELÝ ZÁZNAM. Produkt 109023 (ceník ZR12) nebyl synchronizován. -> ALERT.
reconcile	UNKNOWN STEP	2026-08-27T14:30:10.2965848Z Kupón měl být discountCoupon=true/minPriceRatio=0.9200. Shoptet má CHYBÍ CELÝ ZÁZNAM. Produkt 110001 (ceník ZR12) nebyl synchronizován. -> ALERT.
reconcile	UNKNOWN STEP	2026-08-27T14:30:10.2966961Z Kupón měl být discountCoupon=true/minPriceRatio=0.9200. Shoptet má CHYBÍ CELÝ ZÁZNAM. Produkt 110002 (ceník ZR12) nebyl synchronizován. -> ALERT.
reconcile	UNKNOWN STEP	2026-08-27T14:30:10.2968169Z Kupón měl být discountCoupon=true/minPriceRatio=0.9200. Shoptet má CHYBÍ CELÝ ZÁZNAM. Produkt 110007 (ceník ZR12) nebyl synchronizován. -> ALERT.
reconcile	UNKNOWN STEP	2026-08-27T14:30:10.2969278Z Kupón měl být discountCoupon=true/minPriceRatio=0.9200. Shoptet má CHYBÍ CELÝ ZÁZNAM. Produkt 110009 (ceník ZR12) nebyl synchronizován. -> ALERT.
reconcile	UNKNOWN STEP	2026-08-27T14:30:10.2970398Z Kupón měl být discountCoupon=true/minPriceRatio=0.9200. Shoptet má CHYBÍ CELÝ ZÁZNAM. Produkt 110010 (ceník ZR12) nebyl synchronizován. -> ALERT.
reconcile	UNKNOWN STEP	2026-08-27T14:30:10.2971507Z Kupón měl být discountCoupon=true/minPriceRatio=0.9200. Shoptet má CHYBÍ CELÝ ZÁZNAM. Produkt 110012 (ceník ZR12) nebyl synchronizován. -> ALERT.
reconcile	UNKNOWN STEP	2026-08-27T14:30:10.2972833Z Kupón měl být discountCoupon=true/minPriceRatio=0.9200. Shoptet má CHYBÍ CELÝ ZÁZNAM. Produkt 110014 (ceník ZR12) nebyl synchronizován. -> ALERT.
reconcile	UNKNOWN STEP	2026-08-27T14:30:10.2973943Z Kupón měl být discountCoupon=true/minPriceRatio=0.9200. Shoptet má CHYBÍ CELÝ ZÁZNAM. Produkt 110015 (ceník ZR12) nebyl synchronizován. -> ALERT.
reconcile	UNKNOWN STEP	2026-08-27T14:30:10.2975049Z Kupón měl být discountCoupon=true/minPriceRatio=0.9200. Shoptet má CHYBÍ CELÝ ZÁZNAM. Produkt 110016 (ceník ZR12) nebyl synchronizován. -> ALERT.
reconcile	UNKNOWN STEP	2026-08-27T14:30:10.2976149Z Kupón měl být discountCoupon=true/minPriceRatio=0.9200. Shoptet má CHYBÍ CELÝ ZÁZNAM. Produkt 110017 (ceník ZR12) nebyl synchronizován. -> ALERT.
reconcile	UNKNOWN STEP	2026-08-27T14:30:10.2977444Z Kupón měl být discountCoupon=true/minPriceRatio=0.9200. Shoptet má CHYBÍ CELÝ ZÁZNAM. Produkt 110019 (ceník ZR12) nebyl synchronizován. -> ALERT.
reconcile	UNKNOWN STEP	2026-08-27T14:30:10.2978668Z Kupón měl být discountCoupon=true/minPriceRatio=0.9200. Shoptet má CHYBÍ CELÝ ZÁZNAM. Produkt 110020 (ceník ZR12) nebyl synchronizován. -> ALERT.
reconcile	UNKNOWN STEP	2026-08-27T14:30:10.2979792Z Kupón měl být discountCoupon=true/minPriceRatio=0.9200. Shoptet má CHYBÍ CELÝ ZÁZNAM. Produkt 110021 (ceník ZR12) nebyl synchronizován. -> ALERT.
reconcile	UNKNOWN STEP	2026-08-27T14:30:10.2980895Z Kupón měl být discountCoupon=true/minPriceRatio=0.9200. Shoptet má CHYBÍ CELÝ ZÁZNAM. Produkt 110022 (ceník ZR12) nebyl synchronizován. -> ALERT.
reconcile	UNKNOWN STEP	2026-08-27T14:30:10.2981998Z Kupón měl být discountCoupon=true/minPriceRatio=0.9200. Shoptet má CHYBÍ CELÝ ZÁZNAM. Produkt 110023 (ceník ZR12) nebyl synchronizován. -> ALERT.
reconcile	UNKNOWN STEP	2026-08-27T14:30:10.2983134Z Kupón měl být discountCoupon=true/minPriceRatio=0.9200. Shoptet má CHYBÍ CELÝ ZÁZNAM. Produkt 110024 (ceník ZR12) nebyl synchronizován. -> ALERT.
reconcile	UNKNOWN STEP	2026-08-27T14:30:10.2984257Z Kupón měl být discountCoupon=true/minPriceRatio=0.9200. Shoptet má CHYBÍ CELÝ ZÁZNAM. Produkt 110036 (ceník ZR12) nebyl synchronizován. -> ALERT.
reconcile	UNKNOWN STEP	2026-08-27T14:30:10.2985368Z Kupón měl být discountCoupon=true/minPriceRatio=0.9200. Shoptet má CHYBÍ CELÝ ZÁZNAM. Produkt 110037 (ceník ZR12) nebyl synchronizován. -> ALERT.
reconcile	UNKNOWN STEP	2026-08-27T14:30:10.2986486Z Kupón měl být discountCoupon=false/minPriceRatio=1.0000. Shoptet má CHYBÍ CELÝ ZÁZNAM. Produkt 29983 (ceník ZR12) nebyl synchronizován. -> ALERT.
reconcile	UNKNOWN STEP	2026-08-27T14:30:10.2987704Z Kupón měl být discountCoupon=false/minPriceRatio=1.0000. Shoptet má CHYBÍ CELÝ ZÁZNAM. Produkt 29985 (ceník ZR12) nebyl synchronizován. -> ALERT.
reconcile	UNKNOWN STEP	2026-08-27T14:30:10.2988824Z Kupón měl být discountCoupon=false/minPriceRatio=1.0000. Shoptet má CHYBÍ CELÝ ZÁZNAM. Produkt 29986 (ceník ZR12) nebyl synchronizován. -> ALERT.
reconcile	UNKNOWN STEP	2026-08-27T14:30:10.2989961Z Kupón měl být discountCoupon=true/minPriceRatio=0.9200. Shoptet má CHYBÍ CELÝ ZÁZNAM. Produkt 31185 (ceník ZR12) nebyl synchronizován. -> ALERT.
reconcile	UNKNOWN STEP	2026-08-27T14:30:10.2991087Z Kupón měl být discountCoupon=true/minPriceRatio=0.9200. Shoptet má CHYBÍ CELÝ ZÁZNAM. Produkt 31187 (ceník ZR12) nebyl synchronizován. -> ALERT.
reconcile	UNKNOWN STEP	2026-08-27T14:30:10.3004418Z ##[error]Process completed with exit code 1.
reconcile	UNKNOWN STEP	2026-08-27T14:30:10.3076621Z ##[group]Run git fetch origin main
reconcile	UNKNOWN STEP	2026-08-27T14:30:10.3077010Z [36;1mgit fetch origin main[0m
reconcile	UNKNOWN STEP	2026-08-27T14:30:10.3077390Z [36;1mgit merge -X ours origin/main --no-edit || {[0m
reconcile	UNKNOWN STEP	2026-08-27T14:30:10.3078091Z [36;1m  git checkout --ours .coupon_reconciliation_state.json 2>/dev/null || true[0m
reconcile	UNKNOWN STEP	2026-08-27T14:30:10.3078663Z [36;1m  git add .coupon_reconciliation_state.json[0m
reconcile	UNKNOWN STEP	2026-08-27T14:30:10.3079143Z [36;1m  git commit --no-edit || true[0m
reconcile	UNKNOWN STEP	2026-08-27T14:30:10.3079530Z [36;1m}[0m
reconcile	UNKNOWN STEP	2026-08-27T14:30:10.3120646Z shell: /usr/bin/bash -e {0}
reconcile	UNKNOWN STEP	2026-08-27T14:30:10.3120927Z ##[endgroup]
reconcile	UNKNOWN STEP	2026-08-27T14:30:10.9566759Z From https://github.com/hlancaric-ship-it/okfish-pricing-engine
reconcile	UNKNOWN STEP	2026-08-27T14:30:10.9568035Z  * branch            main       -> FETCH_HEAD
reconcile	UNKNOWN STEP	2026-08-27T14:30:10.9568887Z    6a7ae5d..26607c0  main       -> origin/main
reconcile	UNKNOWN STEP	2026-08-27T14:30:11.2438392Z Updating 6a7ae5d..26607c0
reconcile	UNKNOWN STEP	2026-08-27T14:30:11.2448673Z Fast-forward
reconcile	UNKNOWN STEP	2026-08-27T14:30:11.2450219Z  .sync_state.json | 2 +-
reconcile	UNKNOWN STEP	2026-08-27T14:30:11.2451063Z  1 file changed, 1 insertion(+), 1 deletion(-)
reconcile	UNKNOWN STEP	2026-08-27T14:30:11.2631402Z Node 20 is being deprecated. This workflow is running with Node 24 by default. If you need to temporarily use Node 20, you can set the ACTIONS_ALLOW_USE_UNSECURE_NODE_VERSION=true environment variable. For more information see: https://github.blog/changelog/2025-09-19-deprecation-of-node-20-on-github-actions-runners/
reconcile	UNKNOWN STEP	2026-08-27T14:30:11.2632704Z ##[group]Run stefanzweifel/git-auto-commit-action@v5
reconcile	UNKNOWN STEP	2026-08-27T14:30:11.2633034Z with:
reconcile	UNKNOWN STEP	2026-08-27T14:30:11.2633391Z   commit_message: chore: aktualizace stavu coupon integrity reconciliace [skip ci]
reconcile	UNKNOWN STEP	2026-08-27T14:30:11.2634055Z   file_pattern: .coupon_reconciliation_state.json
reconcile	UNKNOWN STEP	2026-08-27T14:30:11.2634366Z   repository: .
reconcile	UNKNOWN STEP	2026-08-27T14:30:11.2634608Z   commit_user_name: github-actions[bot]
reconcile	UNKNOWN STEP	2026-08-27T14:30:11.2635010Z   commit_user_email: 41898282+github-actions[bot]@users.noreply.github.com
reconcile	UNKNOWN STEP	2026-08-27T14:30:11.2635556Z   commit_author: hlancaric-ship-it <262548729+hlancaric-ship-it@users.noreply.github.com>
reconcile	UNKNOWN STEP	2026-08-27T14:30:11.2636030Z   skip_dirty_check: false
reconcile	UNKNOWN STEP	2026-08-27T14:30:11.2636278Z   skip_fetch: false
reconcile	UNKNOWN STEP	2026-08-27T14:30:11.2636501Z   skip_checkout: false
reconcile	UNKNOWN STEP	2026-08-27T14:30:11.2636741Z   disable_globbing: false
reconcile	UNKNOWN STEP	2026-08-27T14:30:11.2636974Z   create_branch: false
reconcile	UNKNOWN STEP	2026-08-27T14:30:11.2637208Z   create_git_tag_only: false
reconcile	UNKNOWN STEP	2026-08-27T14:30:11.2637463Z   internal_git_binary: git
reconcile	UNKNOWN STEP	2026-08-27T14:30:11.2638070Z ##[endgroup]
reconcile	UNKNOWN STEP	2026-08-27T14:30:11.2950547Z Started: bash /home/runner/work/_actions/stefanzweifel/git-auto-commit-action/v5/entrypoint.sh
reconcile	UNKNOWN STEP	2026-08-27T14:30:11.2988197Z INPUT_REPOSITORY value: .
reconcile	UNKNOWN STEP	2026-08-27T14:30:11.2989002Z INPUT_STATUS_OPTIONS: 
reconcile	UNKNOWN STEP	2026-08-27T14:30:11.2990274Z INPUT_FILE_PATTERN: .coupon_reconciliation_state.json
reconcile	UNKNOWN STEP	2026-08-27T14:30:11.3068497Z INPUT_BRANCH value: 
reconcile	UNKNOWN STEP	2026-08-27T14:30:12.1984220Z From https://github.com/hlancaric-ship-it/okfish-pricing-engine
reconcile	UNKNOWN STEP	2026-08-27T14:30:12.1985715Z  * [new branch]      add-claude-github-actions-1787331710473 -> origin/add-claude-github-actions-1787331710473
reconcile	UNKNOWN STEP	2026-08-27T14:30:12.2032876Z M	.coupon_reconciliation_state.json
reconcile	UNKNOWN STEP	2026-08-27T14:30:12.2033745Z Your branch is up to date with 'origin/main'.
reconcile	UNKNOWN STEP	2026-08-27T14:30:12.2099439Z INPUT_ADD_OPTIONS: 
reconcile	UNKNOWN STEP	2026-08-27T14:30:12.2100862Z INPUT_FILE_PATTERN: .coupon_reconciliation_state.json
reconcile	UNKNOWN STEP	2026-08-27T14:30:12.2203745Z INPUT_COMMIT_OPTIONS: 
reconcile	UNKNOWN STEP	2026-08-27T14:30:12.2205481Z INPUT_COMMIT_USER_NAME: github-actions[bot]
reconcile	UNKNOWN STEP	2026-08-27T14:30:12.2206559Z INPUT_COMMIT_USER_EMAIL: 41898282+github-actions[bot]@users.noreply.github.com
reconcile	UNKNOWN STEP	2026-08-27T14:30:12.2207953Z INPUT_COMMIT_MESSAGE: chore: aktualizace stavu coupon integrity reconciliace [skip ci]
reconcile	UNKNOWN STEP	2026-08-27T14:30:12.2209445Z INPUT_COMMIT_AUTHOR: hlancaric-ship-it <262548729+hlancaric-ship-it@users.noreply.github.com>
reconcile	UNKNOWN STEP	2026-08-27T14:30:12.2520035Z [main 9ab28a4] chore: aktualizace stavu coupon integrity reconciliace [skip ci]
reconcile	UNKNOWN STEP	2026-08-27T14:30:12.2521286Z  Author: hlancaric-ship-it <262548729+hlancaric-ship-it@users.noreply.github.com>
reconcile	UNKNOWN STEP	2026-08-27T14:30:12.2522293Z  1 file changed, 1667 insertions(+), 107 deletions(-)
reconcile	UNKNOWN STEP	2026-08-27T14:30:12.2546716Z INPUT_TAGGING_MESSAGE: 
reconcile	UNKNOWN STEP	2026-08-27T14:30:12.2547824Z No tagging message supplied. No tag will be added.
reconcile	UNKNOWN STEP	2026-08-27T14:30:12.2549035Z INPUT_PUSH_OPTIONS: 
reconcile	UNKNOWN STEP	2026-08-27T14:30:13.4111159Z To https://github.com/hlancaric-ship-it/okfish-pricing-engine
reconcile	UNKNOWN STEP	2026-08-27T14:30:13.4112197Z    26607c0..9ab28a4  main -> main
reconcile	UNKNOWN STEP	2026-08-27T14:30:13.4270531Z Node 20 is being deprecated. This workflow is running with Node 24 by default. If you need to temporarily use Node 20, you can set the ACTIONS_ALLOW_USE_UNSECURE_NODE_VERSION=true environment variable. For more information see: https://github.blog/changelog/2025-09-19-deprecation-of-node-20-on-github-actions-runners/
reconcile	UNKNOWN STEP	2026-08-27T14:30:13.4271839Z ##[group]Run actions/upload-artifact@v4
reconcile	UNKNOWN STEP	2026-08-27T14:30:13.4272130Z with:
reconcile	UNKNOWN STEP	2026-08-27T14:30:13.4272358Z   name: coupon-reconciliation-log
reconcile	UNKNOWN STEP	2026-08-27T14:30:13.4272647Z   path: coupon-reconciliation.log
reconcile	UNKNOWN STEP	2026-08-27T14:30:13.4272911Z   retention-days: 30
reconcile	UNKNOWN STEP	2026-08-27T14:30:13.4273151Z   if-no-files-found: warn
reconcile	UNKNOWN STEP	2026-08-27T14:30:13.4273403Z   compression-level: 6
reconcile	UNKNOWN STEP	2026-08-27T14:30:13.4273636Z   overwrite: false
reconcile	UNKNOWN STEP	2026-08-27T14:30:13.4273876Z   include-hidden-files: false
reconcile	UNKNOWN STEP	2026-08-27T14:30:13.4274136Z ##[endgroup]
reconcile	UNKNOWN STEP	2026-08-27T14:30:13.6105807Z (node:2309) [DEP0040] DeprecationWarning: The `punycode` module is deprecated. Please use a userland alternative instead.
reconcile	UNKNOWN STEP	2026-08-27T14:30:13.6107425Z (Use `node --trace-deprecation ...` to show where the warning was created)
reconcile	UNKNOWN STEP	2026-08-27T14:30:13.6199715Z With the provided path, there will be 1 file uploaded
reconcile	UNKNOWN STEP	2026-08-27T14:30:13.6238926Z Artifact name is valid!
reconcile	UNKNOWN STEP	2026-08-27T14:30:13.6258355Z Root directory input is valid!
reconcile	UNKNOWN STEP	2026-08-27T14:30:13.8535925Z Beginning upload of artifact content to blob storage
reconcile	UNKNOWN STEP	2026-08-27T14:30:13.8809223Z (node:2309) [DEP0169] DeprecationWarning: `url.parse()` behavior is not standardized and prone to errors that have security implications. Use the WHATWG URL API instead. CVEs are not issued for `url.parse()` vulnerabilities.
reconcile	UNKNOWN STEP	2026-08-27T14:30:13.9034526Z Uploaded bytes 4846
reconcile	UNKNOWN STEP	2026-08-27T14:30:13.9191820Z Finished uploading artifact content to blob storage!
reconcile	UNKNOWN STEP	2026-08-27T14:30:13.9193399Z SHA256 digest of uploaded artifact zip is 66ababb6f4fb45a8c37b74a59c29eda15f04726963dcc5f22753c3e2d64363dd
reconcile	UNKNOWN STEP	2026-08-27T14:30:13.9196385Z Finalizing artifact upload
reconcile	UNKNOWN STEP	2026-08-27T14:30:14.1333159Z Artifact coupon-reconciliation-log.zip successfully finalized. Artifact ID 9650699666
reconcile	UNKNOWN STEP	2026-08-27T14:30:14.1334872Z Artifact coupon-reconciliation-log has been successfully uploaded! Final size is 4846 bytes. Artifact ID is 9650699666
reconcile	UNKNOWN STEP	2026-08-27T14:30:14.1341729Z Artifact download URL: https://github.com/hlancaric-ship-it/okfish-pricing-engine/actions/runs/33082060642/artifacts/9650699666
reconcile	UNKNOWN STEP	2026-08-27T14:30:14.1513471Z Node 20 is being deprecated. This workflow is running with Node 24 by default. If you need to temporarily use Node 20, you can set the ACTIONS_ALLOW_USE_UNSECURE_NODE_VERSION=true environment variable. For more information see: https://github.blog/changelog/2025-09-19-deprecation-of-node-20-on-github-actions-runners/
reconcile	UNKNOWN STEP	2026-08-27T14:30:14.1514741Z ##[group]Run actions/github-script@v7
reconcile	UNKNOWN STEP	2026-08-27T14:30:14.1515041Z with:
reconcile	UNKNOWN STEP	2026-08-27T14:30:14.1519312Z   script: const title = "🟠 Coupon Integrity: nalezen kupónový drift nebo selhal self-check (reconcile-coupon-drift.yml)";
reconcile	UNKNOWN STEP	const runUrl = `${context.serverUrl}/${context.repo.owner}/${context.repo.repo}/actions/runs/${context.runId}`;
reconcile	UNKNOWN STEP	const body = `Kupónová reconciliace ${new Date().toISOString()} našla neshodu mezi očekávanými a skutečnými kupónovými poli (discountCoupon/minPriceRatio), nebo selhal její vlastní self-check -- viz Stage 5 v CORE_LOGIC_AND_VALIDATION.md a INC-011 v INCIDENTS.md.\n\nDetail běhu: ${runUrl}\n\nLog je uložený jako artifact \`coupon-reconciliation-log\` u tohoto běhu. Formát alertu v logu: "Kupón měl být X. Shoptet má Y. Produkt nebyl synchronizován."`;
reconcile	UNKNOWN STEP	
reconcile	UNKNOWN STEP	const { data: issues } = await github.rest.issues.listForRepo({
reconcile	UNKNOWN STEP	  owner: context.repo.owner,
reconcile	UNKNOWN STEP	  repo: context.repo.repo,
reconcile	UNKNOWN STEP	  state: 'open',
reconcile	UNKNOWN STEP	  labels: 'coupon-integrity'
reconcile	UNKNOWN STEP	});
reconcile	UNKNOWN STEP	const existing = issues.find(i => i.title === title);
reconcile	UNKNOWN STEP	
reconcile	UNKNOWN STEP	if (existing) {
reconcile	UNKNOWN STEP	  await github.rest.issues.createComment({
reconcile	UNKNOWN STEP	    owner: context.repo.owner,
reconcile	UNKNOWN STEP	    repo: context.repo.repo,
reconcile	UNKNOWN STEP	    issue_number: existing.number,
reconcile	UNKNOWN STEP	    body
reconcile	UNKNOWN STEP	  });
reconcile	UNKNOWN STEP	} else {
reconcile	UNKNOWN STEP	  await github.rest.issues.create({
reconcile	UNKNOWN STEP	    owner: context.repo.owner,
reconcile	UNKNOWN STEP	    repo: context.repo.repo,
reconcile	UNKNOWN STEP	    title,
reconcile	UNKNOWN STEP	    body,
reconcile	UNKNOWN STEP	    labels: ['coupon-integrity'],
reconcile	UNKNOWN STEP	    assignees: ['hlancaric-ship-it']
reconcile	UNKNOWN STEP	  });
reconcile	UNKNOWN STEP	}
reconcile	UNKNOWN STEP	
reconcile	UNKNOWN STEP	2026-08-27T14:30:14.1525861Z   github-token: ***
reconcile	UNKNOWN STEP	2026-08-27T14:30:14.1526141Z   debug: false
reconcile	UNKNOWN STEP	2026-08-27T14:30:14.1526396Z   user-agent: actions/github-script
reconcile	UNKNOWN STEP	2026-08-27T14:30:14.1526708Z   result-encoding: json
reconcile	UNKNOWN STEP	2026-08-27T14:30:14.1526955Z   retries: 0
reconcile	UNKNOWN STEP	2026-08-27T14:30:14.1527222Z   retry-exempt-status-codes: 400,401,403,404,422
reconcile	UNKNOWN STEP	2026-08-27T14:30:14.1527552Z ##[endgroup]
reconcile	UNKNOWN STEP	2026-08-27T14:30:15.2160801Z Node 20 is being deprecated. This workflow is running with Node 24 by default. If you need to temporarily use Node 20, you can set the ACTIONS_ALLOW_USE_UNSECURE_NODE_VERSION=true environment variable. For more information see: https://github.blog/changelog/2025-09-19-deprecation-of-node-20-on-github-actions-runners/
reconcile	UNKNOWN STEP	2026-08-27T14:30:15.2162030Z Post job cleanup.
reconcile	UNKNOWN STEP	2026-08-27T14:30:15.3151181Z [command]/usr/bin/git version
reconcile	UNKNOWN STEP	2026-08-27T14:30:15.3229112Z git version 2.55.0
reconcile	UNKNOWN STEP	2026-08-27T14:30:15.3282480Z Temporarily overriding HOME='/home/runner/work/_temp/83872c10-5175-49fc-b080-baa6bbf150c5' before making global git config changes
reconcile	UNKNOWN STEP	2026-08-27T14:30:15.3284136Z Adding repository directory to the temporary git global config as a safe directory
reconcile	UNKNOWN STEP	2026-08-27T14:30:15.3309070Z [command]/usr/bin/git config --global --add safe.directory /home/runner/work/okfish-pricing-engine/okfish-pricing-engine
reconcile	UNKNOWN STEP	2026-08-27T14:30:15.3374361Z [command]/usr/bin/git config --local --name-only --get-regexp core\.sshCommand
reconcile	UNKNOWN STEP	2026-08-27T14:30:15.3456586Z [command]/usr/bin/git submodule foreach --recursive sh -c "git config --local --name-only --get-regexp 'core\.sshCommand' && git config --local --unset-all 'core.sshCommand' || :"
reconcile	UNKNOWN STEP	2026-08-27T14:30:15.3859322Z [command]/usr/bin/git config --local --name-only --get-regexp http\.https\:\/\/github\.com\/\.extraheader
reconcile	UNKNOWN STEP	2026-08-27T14:30:15.3901465Z http.https://github.com/.extraheader
reconcile	UNKNOWN STEP	2026-08-27T14:30:15.3949034Z [command]/usr/bin/git config --local --unset-all http.https://github.com/.extraheader
reconcile	UNKNOWN STEP	2026-08-27T14:30:15.3982255Z [command]/usr/bin/git submodule foreach --recursive sh -c "git config --local --name-only --get-regexp 'http\.https\:\/\/github\.com\/\.extraheader' && git config --local --unset-all 'http.https://github.com/.extraheader' || :"
reconcile	UNKNOWN STEP	2026-08-27T14:30:15.4490378Z [command]/usr/bin/git config --local --name-only --get-regexp ^includeIf\.gitdir:
reconcile	UNKNOWN STEP	2026-08-27T14:30:15.4644448Z [command]/usr/bin/git submodule foreach --recursive git config --local --show-origin --name-only --get-regexp remote.origin.url
reconcile	UNKNOWN STEP	2026-08-27T14:30:15.5215055Z Cleaning up orphan processes
reconcile	UNKNOWN STEP	2026-08-27T14:30:15.5494952Z ##[warning]Node.js 20 is deprecated. The following actions target Node.js 20 but are being forced to run on Node.js 24: actions/checkout@v4, actions/github-script@v7, actions/setup-node@v4, actions/upload-artifact@v4, stefanzweifel/git-auto-commit-action@v5. For more information see: https://github.blog/changelog/2025-09-19-deprecation-of-node-20-on-github-actions-runners/
